engagement_student_id,anonymous_email_hash,quizzes_taken,total_quizzes_available,participation_rate,missing_quiz_rate,avg_normalized_quiz_score,avg_quiz_percent,score_consistency_std_normalized,lowest_normalized_quiz_score,highest_normalized_quiz_score,score_trend_per_quiz,night_activity_ratio,submission_irregularity_hours,active_span_days,performance_score_0_10,consistency_score_0_10,participation_score_0_10,procrastination_score_0_10,engagement_score_0_10,engagement_profile
E0001,7a786eb27009,3,22,0.1364,0.8636,0.8333,83.33,0.17,0.6,1.0,-0.05,0.0,13.41,14.99,8.33,8.3,1.36,2.83,4.49,Disengaged
E0002,dc10bccb70f4,11,22,0.5,0.5,0.7182,71.82,0.1336,0.5,1.0,0.0011,0.18181818181818182,2824.05,547.06,7.18,8.66,5.0,5.23,6.28,Moderately Engaged
E0003,29755a3136a3,6,22,0.2727,0.7273,0.8833,88.33,0.0687,0.8,1.0,-0.0314,0.0,246.74,85.14,8.83,9.31,2.73,5.18,5.57,Disengaged
E0004,3e2eba86bcf5,12,22,0.5455,0.4545,0.8917,89.17,0.0862,0.7,1.0,-0.0019,0.08333333333333333,2730.32,532.95,8.92,9.14,5.45,4.7,7.06,Moderately Engaged
E0005,46d104cbf6f7,14,22,0.6364,0.3636,0.7286,72.86,0.1532,0.5,1.0,-0.0015,0.0,2542.04,532.95,7.29,8.47,6.36,4.09,7.02,Moderately Engaged
E0006,b42f5e254eec,5,22,0.2273,0.7727,0.8,80.0,0.1265,0.6,0.9,-0.04,0.0,248.04,76.98,8.0,8.74,2.27,5.32,5.0,Disengaged
E0007,0ee4c5aa3bf0,13,22,0.5909,0.4091,0.9231,92.31,0.0799,0.8,1.0,-0.0053,0.15384615384615385,2621.97,546.9,9.23,9.2,5.91,4.84,7.4,Moderately Engaged
E0008,f7d634b0dfd6,15,22,0.6818,0.3182,0.8867,88.67,0.1024,0.7,1.0,-0.0028,0.13333333333333333,2454.84,547.0,8.87,8.98,6.82,4.49,7.76,Moderately Engaged
E0009,181bdd2b92a9,13,22,0.5909,0.4091,0.9308,93.08,0.091,0.7,1.0,-0.0096,0.15384615384615385,2619.1,546.99,9.31,9.09,5.91,4.84,7.39,Moderately Engaged
E0010,23b93ea77d92,15,22,0.6818,0.3182,0.92,92.0,0.1046,0.6,1.0,-0.0088,0.13333333333333333,2454.96,547.03,9.2,8.95,6.82,4.49,7.84,Moderately Engaged
E0011,8568c2b8ceee,6,22,0.2727,0.7273,0.7667,76.67,0.1886,0.5,1.0,-0.0343,0.0,247.16,85.0,7.67,8.11,2.73,5.18,5.04,Disengaged
E0012,599c9739a5b4,7,22,0.3182,0.6818,0.8571,85.71,0.0728,0.8,1.0,-0.0113,0.14285714285714285,245.97,77.08,8.57,9.27,3.18,5.62,5.75,Disengaged
E0013,71e3973b2144,6,22,0.2727,0.7273,0.8333,83.33,0.1491,0.6,1.0,-0.0343,0.0,252.16,85.79,8.33,8.51,2.73,5.18,5.29,Disengaged
E0014,1f9fd3827f9a,12,22,0.5455,0.4545,0.95,95.0,0.0645,0.8,1.0,-0.0017,0.16666666666666666,2723.49,547.01,9.5,9.35,5.45,5.03,7.25,Moderately Engaged
E0015,54b41600044a,5,22,0.2273,0.7727,0.82,82.0,0.0748,0.7,0.9,-0.0035,0.0,304.42,85.85,8.2,9.25,2.27,5.32,5.15,Disengaged
E0016,3523ae1a3edb,14,22,0.6364,0.3636,0.7714,77.14,0.1666,0.4,1.0,-0.0042,0.07142857142857142,2536.53,547.06,7.71,8.33,6.36,4.38,7.1,Moderately Engaged
E0017,83654d9e026f,13,22,0.5909,0.4091,0.9154,91.54,0.0863,0.8,1.0,-0.0056,0.38461538461538464,2629.29,533.09,9.15,9.14,5.91,5.77,7.37,Moderately Engaged
E0018,aeba28ae1e12,14,22,0.6364,0.3636,0.9429,94.29,0.0821,0.7,1.0,-0.0051,0.21428571428571427,2536.23,540.03,9.43,9.18,6.36,4.95,7.69,Moderately Engaged
E0019,123ca9339ff7,5,22,0.2273,0.7727,0.6,60.0,0.0632,0.5,0.7,-0.0203,0.0,330.61,84.77,6.0,9.37,2.27,5.32,4.62,Disengaged
E0020,5596e9b0822a,15,22,0.6818,0.3182,0.7933,79.33,0.1289,0.5,1.0,-0.0043,0.3333333333333333,2454.9,547.04,7.93,8.71,6.82,5.29,7.48,Moderately Engaged
E0021,5448b3800d59,6,22,0.2727,0.7273,0.85,85.0,0.15,0.6,1.0,-0.0486,0.0,247.5,85.0,8.5,8.5,2.73,5.18,5.32,Disengaged
E0022,b43d092a12aa,6,22,0.2727,0.7273,0.7667,76.67,0.2211,0.4,1.0,-0.0686,0.16666666666666666,239.01,84.91,7.67,7.79,2.73,5.85,4.97,Disengaged
E0023,8589f9920efd,3,22,0.1364,0.8636,0.7,70.0,0.2449,0.4,1.0,0.15,0.0,332.26,42.28,7.0,7.55,1.36,5.59,4.01,Disengaged
E0024,93c482c094a9,15,22,0.6818,0.3182,0.8933,89.33,0.1569,0.5,1.0,-0.0069,0.13333333333333333,2457.88,547.12,8.93,8.43,6.82,4.49,7.67,Moderately Engaged
E0025,2ced0eca970f,12,22,0.5455,0.4545,0.725,72.5,0.2454,0.2,1.0,0.0147,0.08333333333333333,2716.13,547.92,7.25,7.55,5.45,4.7,6.32,Moderately Engaged
E0026,447ba1143faf,13,22,0.5909,0.4091,0.9077,90.77,0.1385,0.6,1.0,-0.0122,0.3076923076923077,2625.25,540.96,9.08,8.62,5.91,5.46,7.24,Moderately Engaged
E0027,27eab8d0ac01,15,22,0.6818,0.3182,0.9667,96.67,0.0596,0.8,1.0,-0.0053,0.13333333333333333,2454.92,546.79,9.67,9.4,6.82,4.49,8.05,Moderately Engaged
E0028,861b0ba5f1bc,13,22,0.5909,0.4091,0.8154,81.54,0.1292,0.6,1.0,-0.0052,0.0,2623.48,547.06,8.15,8.71,5.91,4.23,7.03,Moderately Engaged
E0029,bafba9dfbe72,14,22,0.6364,0.3636,0.9214,92.14,0.0773,0.8,1.0,-0.0012,0.42857142857142855,2535.02,540.88,9.21,9.23,6.36,5.81,7.65,Moderately Engaged
E0030,b9455370503f,6,22,0.2727,0.7273,0.7333,73.33,0.1795,0.5,1.0,0.0171,0.16666666666666666,240.46,85.02,7.33,8.2,2.73,5.85,4.97,Disengaged
E0031,4b5466e91440,5,22,0.2273,0.7727,0.78,78.0,0.16,0.6,1.0,-0.0595,0.2,325.74,85.86,7.8,8.4,2.27,6.12,4.88,Disengaged
E0032,7c8b7077ba79,6,22,0.2727,0.7273,0.8,80.0,0.216,0.5,1.0,-0.0286,0.16666666666666666,255.82,84.97,8.0,7.84,2.73,5.85,5.07,Disengaged
E0033,e6384dd6efa9,15,22,0.6818,0.3182,0.9333,93.33,0.0789,0.8,1.0,-0.0099,0.13333333333333333,2455.79,547.01,9.33,9.21,6.82,4.49,7.93,Moderately Engaged
E0034,556d4235881d,15,22,0.6818,0.3182,0.94,94.0,0.0611,0.8,1.0,-0.0018,0.13333333333333333,2456.32,547.04,9.4,9.39,6.82,4.49,7.98,Moderately Engaged
E0035,30fd84feddef,15,22,0.6818,0.3182,0.86,86.0,0.12,0.5,1.0,-0.0087,0.13333333333333333,2456.3,547.27,8.6,8.8,6.82,4.49,7.66,Moderately Engaged
E0036,e3e970b2fc4d,15,22,0.6818,0.3182,0.9133,91.33,0.1204,0.6,1.0,-0.0129,0.13333333333333333,2458.91,547.5,9.13,8.8,6.82,4.49,7.79,Moderately Engaged
E0037,d2c87fef01ca,13,22,0.5909,0.4091,0.9,90.0,0.124,0.7,1.0,-0.0144,0.38461538461538464,2631.78,540.86,9.0,8.76,5.91,5.77,7.25,Moderately Engaged
E0038,b8007b5b9e19,5,22,0.2273,0.7727,0.78,78.0,0.16,0.5,1.0,0.1,0.0,271.03,63.94,7.8,8.4,2.27,5.32,4.88,Disengaged
E0039,4a58969b02fd,6,22,0.2727,0.7273,0.7833,78.33,0.1951,0.5,1.0,-0.0314,0.0,247.69,85.0,7.83,8.05,2.73,5.18,5.07,Disengaged
E0040,845ee2d581c8,5,22,0.2273,0.7727,0.8,80.0,0.1095,0.6,0.9,0.0174,0.0,306.77,85.04,8.0,8.9,2.27,5.32,5.03,Disengaged
E0041,be3d1f2a9cf7,6,22,0.2727,0.7273,0.9167,91.67,0.0687,0.8,1.0,0.0029,0.16666666666666666,246.26,85.04,9.17,9.31,2.73,5.85,5.65,Disengaged
E0042,6afadb3c5d0e,15,22,0.6818,0.3182,0.8933,89.33,0.1569,0.4,1.0,-0.0036,0.06666666666666667,2454.59,547.01,8.93,8.43,6.82,4.22,7.67,Moderately Engaged
E0043,846431eb96f9,5,22,0.2273,0.7727,0.7333,73.33,0.2211,0.4,1.0,0.01,0.0,287.3,77.34,7.33,7.79,2.27,5.32,4.64,Disengaged
E0044,fc3896ac4501,15,22,0.6818,0.3182,0.9333,93.33,0.0789,0.8,1.0,-0.0089,0.06666666666666667,2454.72,546.96,9.33,9.21,6.82,4.22,7.93,Moderately Engaged
E0045,110af4ec881a,6,22,0.2727,0.7273,0.8833,88.33,0.1344,0.7,1.0,-0.0429,0.0,247.06,85.01,8.83,8.66,2.73,5.18,5.44,Disengaged
E0046,752118c8d054,15,22,0.6818,0.3182,0.9267,92.67,0.0854,0.8,1.0,-0.0032,0.2,2459.26,546.98,9.27,9.15,6.82,4.75,7.9,Moderately Engaged
E0047,99f0d3134402,4,22,0.1818,0.8182,0.95,95.0,0.05,0.9,1.0,-0.02,0.0,310.02,50.08,9.5,9.5,1.82,5.45,5.28,Disengaged
E0048,d6dacad59366,5,22,0.2273,0.7727,0.7,70.0,0.1789,0.5,1.0,-0.0676,0.0,330.05,85.0,7.0,8.21,2.27,5.32,4.64,Disengaged
E0049,5dcea343f5c1,4,22,0.1818,0.8182,0.775,77.5,0.2278,0.4,1.0,-0.1214,0.0,706.92,85.05,7.75,7.72,1.82,5.45,4.48,Disengaged
E0050,69b7ae8a027e,15,22,0.6818,0.3182,0.8333,83.33,0.1193,0.6,1.0,-0.0011,0.13333333333333333,2448.84,547.01,8.33,8.81,6.82,4.49,7.59,Moderately Engaged
E0051,9dd8c7076c97,13,22,0.5909,0.4091,0.9154,91.54,0.0863,0.8,1.0,-0.0013,0.0,2622.34,547.05,9.15,9.14,5.91,4.23,7.37,Moderately Engaged
E0052,cf7bd07a83a3,15,22,0.6818,0.3182,0.76,76.0,0.1254,0.5,1.0,-0.0082,0.06666666666666667,2458.31,547.01,7.6,8.75,6.82,4.22,7.4,Moderately Engaged
E0053,50c26eb37eda,15,22,0.6818,0.3182,0.94,94.0,0.08,0.7,1.0,-0.0065,0.13333333333333333,2454.24,547.01,9.4,9.2,6.82,4.49,7.94,Moderately Engaged
E0054,265be892f00f,6,22,0.2727,0.7273,0.7833,78.33,0.1462,0.6,1.0,0.0257,0.0,246.14,84.87,7.83,8.54,2.73,5.18,5.17,Disengaged
E0055,68c78928c56b,15,22,0.6818,0.3182,0.9333,93.33,0.1011,0.6,1.0,-0.0052,0.06666666666666667,2454.41,546.83,9.33,8.99,6.82,4.22,7.88,Moderately Engaged
E0056,497bce618ef1,7,22,0.3182,0.6818,0.7143,71.43,0.2474,0.3,1.0,-0.0147,0.14285714285714285,296.06,90.98,7.14,7.53,3.18,5.62,5.04,Disengaged
E0057,368f487509cf,14,22,0.6364,0.3636,0.9071,90.71,0.11,0.6,1.0,-0.0101,0.14285714285714285,2538.94,540.07,9.07,8.9,6.36,4.66,7.55,Moderately Engaged
E0058,cb9cbe7b664d,7,22,0.3182,0.6818,0.9,90.0,0.0926,0.8,1.0,-0.0055,0.0,3775.62,547.08,9.0,9.07,3.18,5.05,5.81,Disengaged
E0059,cb988149cd8e,11,22,0.5,0.5,0.8091,80.91,0.1083,0.6,0.9,-0.0014,0.18181818181818182,2842.76,532.99,8.09,8.92,5.0,5.23,6.56,Moderately Engaged
E0060,747147015bbd,4,22,0.1818,0.8182,0.8,80.0,0.1,0.7,0.9,-0.0,0.0,212.35,48.97,8.0,9.0,1.82,5.45,4.8,Disengaged
E0061,530211de5454,6,22,0.2727,0.7273,0.8833,88.33,0.1067,0.7,1.0,-0.0257,0.0,246.54,84.95,8.83,8.93,2.73,5.18,5.49,Disengaged
E0062,cd0e65683f64,14,22,0.6364,0.3636,0.9143,91.43,0.099,0.7,1.0,-0.0068,0.07142857142857142,2541.85,532.99,9.14,9.01,6.36,4.38,7.59,Moderately Engaged
E0063,9cbce563d098,4,22,0.1818,0.8182,0.7,70.0,0.1581,0.5,0.9,-0.0571,0.25,703.15,85.86,7.0,8.42,1.82,6.45,4.43,Disengaged
E0064,ab14ca0f5982,12,22,0.5455,0.4545,0.8833,88.33,0.1067,0.7,1.0,-0.0094,0.08333333333333333,2719.05,539.76,8.83,8.93,5.45,4.7,6.99,Moderately Engaged
E0065,c78d3d490bb3,15,22,0.6818,0.3182,0.84,84.0,0.12,0.6,1.0,-0.0092,0.3333333333333333,2449.79,547.75,8.4,8.8,6.82,5.29,7.61,Moderately Engaged
E0066,8075bc14180c,13,22,0.5909,0.4091,0.7923,79.23,0.1071,0.6,1.0,-0.0036,0.15384615384615385,2674.99,546.97,7.92,8.93,5.91,4.84,7.02,Moderately Engaged
E0067,5d4e2ac5c8b0,6,22,0.2727,0.7273,0.95,95.0,0.1118,0.7,1.0,-0.0429,0.0,247.4,85.02,9.5,8.88,2.73,5.18,5.65,Disengaged
E0068,ab13c24acf8d,6,22,0.2727,0.7273,0.75,75.0,0.2141,0.4,1.0,0.0714,0.16666666666666666,241.11,85.75,7.5,7.86,2.73,5.85,4.95,Disengaged
E0069,ff424983bf72,5,22,0.2273,0.7727,0.78,78.0,0.1327,0.6,1.0,-0.0595,0.2,329.47,84.71,7.8,8.67,2.27,6.12,4.93,Disengaged
E0070,18de62a780ab,15,22,0.6818,0.3182,0.9067,90.67,0.0929,0.8,1.0,-0.0019,0.13333333333333333,2455.59,546.99,9.07,9.07,6.82,4.49,7.83,Moderately Engaged
E0071,1ed138b4a8fa,6,22,0.2727,0.7273,0.8167,81.67,0.1462,0.5,0.9,-0.0054,0.0,3776.89,463.03,8.17,8.54,2.73,5.18,5.25,Disengaged
E0072,0f87c22f270a,9,22,0.4091,0.5909,0.8111,81.11,0.11,0.7,1.0,-0.0063,0.2222222222222222,3400.97,547.04,8.11,8.9,4.09,5.66,6.06,Disengaged
E0073,42aea72b4db0,2,22,0.0909,0.9091,0.3,30.0,0.0,0.3,0.3,-0.0051,0.0,0.0,21.01,3.0,10.0,0.91,2.73,3.25,Disengaged
E0074,cf308e9d6f20,13,22,0.5909,0.4091,0.9154,91.54,0.1026,0.7,1.0,-0.0129,0.15384615384615385,2624.13,547.0,9.15,8.97,5.91,4.84,7.33,Moderately Engaged
E0075,5de3fdb2a60b,4,22,0.1818,0.8182,0.825,82.5,0.0433,0.8,0.9,0.01,0.0,207.78,48.79,8.25,9.57,1.82,5.45,4.98,Disengaged
E0076,08ff47f8c266,6,22,0.2727,0.7273,0.9167,91.67,0.1067,0.7,1.0,-0.0429,0.0,247.88,85.1,9.17,8.93,2.73,5.18,5.58,Disengaged
E0077,53a8b4493d0c,12,22,0.5455,0.4545,0.8583,85.83,0.1187,0.6,1.0,-0.008,0.0,2728.82,540.03,8.58,8.81,5.45,4.36,6.91,Moderately Engaged
E0078,26610a27090b,13,22,0.5909,0.4091,0.9,90.0,0.171,0.4,1.0,-0.0073,0.07692307692307693,2622.81,539.97,9.0,8.29,5.91,4.53,7.16,Moderately Engaged
E0079,509ffdd0e02e,11,22,0.5,0.5,0.9273,92.73,0.0862,0.8,1.0,-0.0098,0.18181818181818182,2848.65,525.98,9.27,9.14,5.0,5.23,6.9,Moderately Engaged
E0080,fe242cc497b6,14,22,0.6364,0.3636,0.8357,83.57,0.1674,0.4,1.0,-0.0145,0.35714285714285715,2541.62,547.84,8.36,8.33,6.36,5.52,7.25,Moderately Engaged
E0081,2174d6d31cab,4,22,0.1818,0.8182,0.8,80.0,0.0707,0.7,0.9,0.06,0.0,207.36,48.65,8.0,9.29,1.82,5.45,4.86,Disengaged
E0082,fd07e91320ec,6,22,0.2727,0.7273,0.75,75.0,0.1893,0.5,1.0,-0.0086,0.0,244.83,84.85,7.5,8.11,2.73,5.18,5.0,Disengaged
E0083,798dfab109cb,15,22,0.6818,0.3182,0.7467,74.67,0.1668,0.3,1.0,-0.0,0.06666666666666667,2455.85,547.1,7.47,8.33,6.82,4.22,7.28,Moderately Engaged
E0084,299b688856e1,6,22,0.2727,0.7273,0.9167,91.67,0.0687,0.8,1.0,-0.0029,0.0,246.9,85.01,9.17,9.31,2.73,5.18,5.65,Disengaged
E0085,79c1afaafdf4,5,22,0.2273,0.7727,0.86,86.0,0.12,0.7,1.0,-0.0244,0.0,404.98,85.11,8.6,8.8,2.27,5.32,5.16,Disengaged
E0086,2c54be64e23a,15,22,0.6818,0.3182,0.8867,88.67,0.1087,0.7,1.0,-0.0096,0.0,2457.93,547.27,8.87,8.91,6.82,3.95,7.75,Moderately Engaged
E0087,ee5f9402f94f,3,22,0.1364,0.8636,0.6333,63.33,0.0471,0.6,0.7,0.0286,0.0,251.62,35.03,6.33,9.53,1.36,5.59,4.24,Disengaged
E0088,1e1dc08eb210,4,22,0.1818,0.8182,0.85,85.0,0.05,0.8,0.9,0.0,0.0,208.78,49.01,8.5,9.5,1.82,5.45,5.03,Disengaged
E0089,79ee5ca4e153,6,22,0.2727,0.7273,0.8,80.0,0.1155,0.7,1.0,0.0057,0.0,247.46,85.07,8.0,8.85,2.73,5.18,5.27,Disengaged
E0090,855edae886d8,5,22,0.2273,0.7727,0.86,86.0,0.102,0.7,1.0,0.0027,0.0,332.14,84.99,8.6,8.98,2.27,5.32,5.2,Disengaged
E0091,4216b4e7c0f9,6,22,0.2727,0.7273,0.85,85.0,0.0957,0.7,1.0,-0.0086,0.0,246.34,84.87,8.5,9.04,2.73,5.18,5.43,Disengaged
E0092,e723e8a855ab,15,22,0.6818,0.3182,0.9067,90.67,0.1236,0.6,1.0,-0.005,0.13333333333333333,2453.44,547.0,9.07,8.76,6.82,4.49,7.77,Moderately Engaged
E0093,f9aeee7d58e6,3,22,0.1364,0.8636,0.7667,76.67,0.0943,0.7,0.9,-0.1,0.0,10.64,14.99,7.67,9.06,1.36,2.78,4.48,Disengaged
E0094,4f10ba6542a0,6,22,0.2727,0.7273,0.8333,83.33,0.0943,0.7,1.0,0.0,0.0,245.6,85.03,8.33,9.06,2.73,5.18,5.39,Disengaged
E0095,8fbe090f845e,6,22,0.2727,0.7273,0.85,85.0,0.0764,0.8,1.0,0.0029,0.0,247.23,84.93,8.5,9.24,2.73,5.18,5.47,Disengaged
E0096,012990f583ee,5,22,0.2273,0.7727,0.96,96.0,0.08,0.8,1.0,-0.02,0.0,268.92,64.43,9.6,9.2,2.27,5.32,5.49,Disengaged
E0097,cd439739f5d5,6,22,0.2727,0.7273,0.7667,76.67,0.1247,0.5,0.9,0.0,0.0,246.8,85.07,7.67,8.75,2.73,5.18,5.17,Disengaged
E0098,ae16f28f548b,3,22,0.1364,0.8636,0.7,70.0,0.0816,0.6,0.8,0.0643,0.0,247.86,34.67,7.0,9.18,1.36,5.59,4.34,Disengaged
E0099,d281aa0f11a1,5,22,0.2273,0.7727,0.8,80.0,0.1549,0.5,0.9,-0.0811,0.0,329.8,85.1,8.0,8.45,2.27,5.32,4.94,Disengaged
E0100,24b0ac9d5ed5,5,22,0.2273,0.7727,0.64,64.0,0.1497,0.5,0.9,-0.077,0.0,329.75,85.05,6.4,8.5,2.27,5.32,4.55,Disengaged
E0101,e33c56cdf417,4,22,0.1818,0.8182,0.9,90.0,0.0707,0.8,1.0,0.04,0.0,209.25,48.91,9.0,9.29,1.82,5.45,5.11,Disengaged
E0102,ab4151e7214e,6,22,0.2727,0.7273,0.7833,78.33,0.1572,0.6,1.0,-0.0257,0.0,247.28,85.0,7.83,8.43,2.73,5.18,5.14,Disengaged
E0103,123f0c1cea1b,15,22,0.6818,0.3182,0.8533,85.33,0.1024,0.6,1.0,-0.0056,0.13333333333333333,2457.19,547.0,8.53,8.98,6.82,4.49,7.68,Moderately Engaged
E0104,8cd0489c435d,1,22,0.0455,0.9545,1.0,100.0,0.0,1.0,1.0,0.0024,0.0,2537.75,0.0,10.0,10.0,0.45,4.15,4.75,Disengaged
E0105,7030743e4cbf,9,22,0.4091,0.5909,0.8111,81.11,0.137,0.6,1.0,-0.0056,0.2222222222222222,3098.89,533.11,8.11,8.63,4.09,5.66,6.0,Disengaged
E0106,c7151462509b,6,22,0.2727,0.7273,0.9333,93.33,0.1106,0.7,1.0,-0.0343,0.0,247.68,85.05,9.33,8.89,2.73,5.18,5.61,Disengaged
E0107,571dc473ecff,12,22,0.5455,0.4545,0.875,87.5,0.1233,0.6,1.0,-0.0024,0.16666666666666666,2931.65,547.02,8.75,8.77,5.45,5.03,6.94,Moderately Engaged
E0108,31dbca95aeaa,14,22,0.6364,0.3636,0.9286,92.86,0.0958,0.7,1.0,-0.01,0.14285714285714285,2532.31,547.02,9.29,9.04,6.36,4.66,7.63,Moderately Engaged
E0109,b5c218f3b1bd,15,22,0.6818,0.3182,0.8733,87.33,0.1062,0.7,1.0,-0.0044,0.2,2456.51,547.05,8.73,8.94,6.82,4.75,7.72,Moderately Engaged
E0110,4dbffe04f096,4,22,0.1818,0.8182,0.7,70.0,0.0707,0.6,0.8,0.04,0.0,209.9,49.0,7.0,9.29,1.82,5.45,4.61,Disengaged
E0111,86b18d4346aa,6,22,0.2727,0.7273,0.95,95.0,0.0764,0.8,1.0,-0.0029,0.16666666666666666,242.9,85.01,9.5,9.24,2.73,5.85,5.72,Disengaged
E0112,1a20457606f1,15,22,0.6818,0.3182,0.7533,75.33,0.1087,0.6,0.9,-0.0087,0.0,2454.93,546.82,7.53,8.91,6.82,3.95,7.42,Moderately Engaged
E0113,e3af49094850,6,22,0.2727,0.7273,0.8167,81.67,0.1067,0.7,1.0,0.0143,0.0,246.9,84.77,8.17,8.93,2.73,5.18,5.33,Disengaged
E0114,04252e88fb1a,10,22,0.4545,0.5455,0.63,63.0,0.1345,0.4,0.8,-0.0002,0.2,2963.35,526.05,6.3,8.65,4.55,5.44,5.81,Moderately Engaged
E0115,cf3b2e9d3f24,6,22,0.2727,0.7273,0.9,90.0,0.1826,0.5,1.0,-0.0571,0.0,247.26,85.05,9.0,8.17,2.73,5.18,5.38,Disengaged
E0116,0018574fabe2,2,22,0.0909,0.9091,0.7,70.0,0.1,0.6,0.8,-0.0108,0.0,0.0,14.04,7.0,9.0,0.91,2.73,4.05,Disengaged
E0117,cfac96de30c9,6,22,0.2727,0.7273,0.7333,73.33,0.1599,0.4,0.9,-0.0171,0.0,246.78,85.05,7.33,8.4,2.73,5.18,5.01,Disengaged
E0118,513f265f345d,6,22,0.2727,0.7273,0.7167,71.67,0.2115,0.3,1.0,0.0429,0.0,246.77,84.98,7.17,7.89,2.73,5.18,4.87,Disengaged
E0119,1775df1531be,14,22,0.6364,0.3636,0.6714,67.14,0.1943,0.4,1.0,0.0055,0.07142857142857142,2533.53,547.04,6.71,8.06,6.36,4.38,6.79,Moderately Engaged
E0120,34cb36541b8f,13,22,0.5909,0.4091,0.7923,79.23,0.1774,0.4,1.0,-0.0015,0.07692307692307693,2625.03,546.99,7.92,8.23,5.91,4.53,6.88,Moderately Engaged
E0121,1c478a86e01e,11,22,0.5,0.5,0.7636,76.36,0.1367,0.6,1.0,-0.0047,0.18181818181818182,3052.98,539.76,7.64,8.63,5.0,5.23,6.39,Moderately Engaged
E0122,29388f778e8f,15,22,0.6818,0.3182,0.92,92.0,0.0909,0.7,1.0,-0.0036,0.13333333333333333,2455.49,547.02,9.2,9.09,6.82,4.49,7.87,Moderately Engaged
E0123,c7ccfd53e00b,5,22,0.2273,0.7727,0.68,68.0,0.2315,0.3,1.0,0.01,0.0,270.57,64.02,6.8,7.68,2.27,5.32,4.49,Disengaged
E0124,13afbfebf99c,15,22,0.6818,0.3182,0.9467,94.67,0.0618,0.8,1.0,-0.0016,0.06666666666666667,2454.88,547.02,9.47,9.38,6.82,4.22,7.99,Moderately Engaged
E0125,a84496509040,15,22,0.6818,0.3182,0.88,88.0,0.1327,0.6,1.0,-0.0136,0.13333333333333333,2455.71,547.02,8.8,8.67,6.82,4.49,7.68,Moderately Engaged
E0126,e078c111e335,6,22,0.2727,0.7273,0.8833,88.33,0.1344,0.6,1.0,0.02,0.16666666666666666,251.38,85.24,8.83,8.66,2.73,5.85,5.44,Disengaged
E0127,db69ebb4fb9c,15,22,0.6818,0.3182,0.82,82.0,0.1869,0.4,1.0,-0.021,0.13333333333333333,2455.56,547.01,8.2,8.13,6.82,4.49,7.43,Moderately Engaged
E0128,51bc881c502d,6,22,0.2727,0.7273,0.85,85.0,0.1258,0.7,1.0,-0.0314,0.0,248.01,84.8,8.5,8.74,2.73,5.18,5.37,Disengaged
E0129,8e38fd7f8882,15,22,0.6818,0.3182,0.8533,85.33,0.1454,0.6,1.0,-0.0145,0.13333333333333333,2460.62,546.8,8.53,8.55,6.82,4.49,7.59,Moderately Engaged
E0130,e81fa65d2db2,6,22,0.2727,0.7273,0.85,85.0,0.15,0.6,1.0,-0.0314,0.16666666666666666,243.02,85.24,8.5,8.5,2.73,5.85,5.32,Disengaged
E0131,cc3ec30999d2,9,22,0.4091,0.5909,0.9556,95.56,0.0831,0.8,1.0,0.0125,0.1111111111111111,166.32,90.96,9.56,9.17,4.09,5.19,6.47,Disengaged
E0132,268fabb7f191,12,22,0.5455,0.4545,0.9083,90.83,0.1037,0.7,1.0,-0.0075,0.0,2778.53,540.02,9.08,8.96,5.45,4.36,7.06,Moderately Engaged
E0133,2a24840c0673,4,22,0.1818,0.8182,0.675,67.5,0.1479,0.5,0.9,-0.07,0.0,311.73,50.09,6.75,8.52,1.82,5.45,4.39,Disengaged
E0134,9988199465c2,6,22,0.2727,0.7273,0.8667,86.67,0.0943,0.7,1.0,0.0114,0.0,245.14,84.34,8.67,9.06,2.73,5.18,5.48,Disengaged
E0135,db2f57d843a6,5,22,0.2273,0.7727,0.8,80.0,0.1095,0.7,1.0,0.04,0.0,270.71,63.92,8.0,8.9,2.27,5.32,5.03,Disengaged
E0136,3a56d1c61028,6,22,0.2727,0.7273,0.7667,76.67,0.2285,0.3,1.0,0.0286,0.0,247.44,84.88,7.67,7.71,2.73,5.18,4.96,Disengaged
E0137,4b21aa7aad01,6,22,0.2727,0.7273,0.8167,81.67,0.0687,0.7,0.9,-0.0029,0.3333333333333333,244.0,84.96,8.17,9.31,2.73,6.52,5.4,Disengaged
E0138,a34d2f448bc8,5,22,0.2273,0.7727,0.8,80.0,0.1673,0.5,1.0,-0.0473,0.0,330.46,85.01,8.0,8.33,2.27,5.32,4.92,Disengaged
E0139,f75df83e9ab0,14,22,0.6364,0.3636,0.9357,93.57,0.1109,0.6,1.0,-0.004,0.14285714285714285,2534.4,547.01,9.36,8.89,6.36,4.66,7.62,Moderately Engaged
E0140,38da2602cecd,15,22,0.6818,0.3182,0.94,94.0,0.0712,0.8,1.0,-0.0069,0.13333333333333333,2454.76,546.99,9.4,9.29,6.82,4.49,7.96,Moderately Engaged
E0141,605a75a2116f,3,22,0.1364,0.8636,0.1333,13.33,0.1247,0.0,0.3,-0.1,0.6666666666666666,261.08,49.75,1.33,8.75,1.36,8.26,2.83,Disengaged
E0142,d53f6972ba65,15,22,0.6818,0.3182,0.8,80.0,0.1461,0.5,1.0,-0.0007,0.06666666666666667,2457.6,546.45,8.0,8.54,6.82,4.22,7.46,Moderately Engaged
E0143,898b97a43a35,13,22,0.5909,0.4091,0.8538,85.38,0.1151,0.7,1.0,-0.0076,0.0,2625.15,547.01,8.54,8.85,5.91,4.23,7.15,Moderately Engaged
E0144,bc8d7d6224a0,5,22,0.2273,0.7727,0.94,94.0,0.08,0.8,1.0,0.0012,0.0,404.7,85.06,9.4,9.2,2.27,5.32,5.44,Disengaged
E0145,0f1241cc1f70,15,22,0.6818,0.3182,0.8067,80.67,0.1236,0.6,1.0,-0.0101,0.06666666666666667,2454.06,546.9,8.07,8.76,6.82,4.22,7.52,Moderately Engaged
E0146,5879141963a1,13,22,0.5909,0.4091,0.6462,64.62,0.1692,0.4,1.0,-0.005,0.07692307692307693,2672.15,547.07,6.46,8.31,5.91,4.53,6.53,Moderately Engaged
E0147,c03bb8879bfd,5,22,0.2273,0.7727,0.86,86.0,0.102,0.7,1.0,0.02,0.0,267.93,63.97,8.6,8.98,2.27,5.32,5.2,Disengaged
E0148,6b789e9c347a,6,22,0.2727,0.7273,0.8333,83.33,0.1374,0.7,1.0,-0.0114,0.16666666666666666,239.16,84.98,8.33,8.63,2.73,5.85,5.31,Disengaged
E0149,248c5774263d,6,22,0.2727,0.7273,0.8833,88.33,0.1863,0.5,1.0,0.0143,0.0,248.01,84.9,8.83,8.14,2.73,5.18,5.34,Disengaged
E0150,dde512f33c41,14,22,0.6364,0.3636,0.7714,77.14,0.1485,0.5,1.0,0.0081,0.0,2541.88,532.88,7.71,8.52,6.36,4.09,7.13,Moderately Engaged
E0151,ac1848affbde,6,22,0.2727,0.7273,0.9167,91.67,0.0687,0.8,1.0,0.02,0.0,245.33,85.09,9.17,9.31,2.73,5.18,5.65,Disengaged
E0152,a56576b3cee9,10,22,0.4545,0.5455,0.81,81.0,0.1814,0.5,1.0,-0.0229,0.0,2102.75,428.16,8.1,8.19,4.55,4.64,6.16,Moderately Engaged
E0153,e9eacba9fdaa,6,22,0.2727,0.7273,0.8,80.0,0.1414,0.6,1.0,0.0,0.0,246.7,85.39,8.0,8.59,2.73,5.18,5.22,Disengaged
E0154,94b1ba8e10b4,14,22,0.6364,0.3636,0.9071,90.71,0.1033,0.7,1.0,-0.0108,0.14285714285714285,2537.14,547.04,9.07,8.97,6.36,4.66,7.56,Moderately Engaged
E0155,22b42a411c11,6,22,0.2727,0.7273,0.6333,63.33,0.17,0.4,0.8,-0.0571,0.16666666666666666,246.14,84.26,6.33,8.3,2.73,5.85,4.74,Disengaged
E0156,0d789d185468,5,22,0.2273,0.7727,0.8,80.0,0.1095,0.6,0.9,0.0233,0.0,405.44,85.08,8.0,8.9,2.27,5.32,5.03,Disengaged
E0157,05ff94d1f411,15,22,0.6818,0.3182,0.8533,85.33,0.131,0.5,1.0,-0.0066,0.06666666666666667,2454.17,547.04,8.53,8.69,6.82,4.22,7.62,Moderately Engaged
E0158,c150712a17a0,4,22,0.1818,0.8182,0.775,77.5,0.0433,0.7,0.8,0.03,0.25,201.2,48.24,7.75,9.57,1.82,6.45,4.85,Disengaged
E0159,7e0313139617,6,22,0.2727,0.7273,0.8167,81.67,0.1344,0.6,1.0,0.0486,0.0,247.34,84.96,8.17,8.66,2.73,5.18,5.27,Disengaged
E0160,5b72ad651497,15,22,0.6818,0.3182,0.94,94.0,0.0712,0.8,1.0,-0.0041,0.13333333333333333,2455.31,546.98,9.4,9.29,6.82,4.49,7.96,Moderately Engaged
E0161,74407afc0e0f,14,22,0.6364,0.3636,0.7786,77.86,0.197,0.4,1.0,-0.0056,0.07142857142857142,2546.98,532.99,7.79,8.03,6.36,4.38,7.05,Moderately Engaged
E0162,47f29b066f47,6,22,0.2727,0.7273,0.8333,83.33,0.1599,0.5,1.0,-0.04,0.16666666666666666,242.12,85.93,8.33,8.4,2.73,5.85,5.26,Disengaged
E0163,47b9616619a3,14,22,0.6364,0.3636,0.7929,79.29,0.1486,0.5,1.0,-0.007,0.0,2725.75,546.96,7.93,8.51,6.36,4.09,7.18,Moderately Engaged
E0164,433da9a28b3f,13,22,0.5909,0.4091,0.8,80.0,0.1881,0.4,1.0,-0.0132,0.23076923076923078,2632.87,540.0,8.0,8.12,5.91,5.15,6.87,Moderately Engaged
E0165,e9d43b3bd79d,15,22,0.6818,0.3182,0.9333,93.33,0.1135,0.6,1.0,-0.0059,0.06666666666666667,2454.23,547.05,9.33,8.86,6.82,4.22,7.86,Moderately Engaged
E0166,5654d5b619b4,14,22,0.6364,0.3636,0.9214,92.14,0.0773,0.8,1.0,-0.0041,0.21428571428571427,2726.55,547.01,9.21,9.23,6.36,4.95,7.65,Moderately Engaged
E0167,5e19c9558719,6,22,0.2727,0.7273,0.9167,91.67,0.0687,0.8,1.0,-0.0029,0.0,246.99,85.0,9.17,9.31,2.73,5.18,5.65,Disengaged
E0168,2dd058f34c07,6,22,0.2727,0.7273,0.8833,88.33,0.0898,0.8,1.0,-0.0143,0.0,248.33,85.0,8.83,9.1,2.73,5.18,5.53,Disengaged
E0169,26eaa440033a,14,22,0.6364,0.3636,0.8429,84.29,0.1116,0.6,1.0,-0.0046,0.21428571428571427,2540.09,547.0,8.43,8.88,6.36,4.95,7.38,Moderately Engaged
E0170,168e6fa39dff,13,22,0.5909,0.4091,0.9154,91.54,0.1099,0.6,1.0,-0.009,0.15384615384615385,2613.8,561.22,9.15,8.9,5.91,4.84,7.32,Moderately Engaged
E0171,599fb59efcd1,15,22,0.6818,0.3182,0.9067,90.67,0.0929,0.7,1.0,-0.0018,0.06666666666666667,2453.46,547.1,9.07,9.07,6.82,4.22,7.83,Moderately Engaged
E0172,593bccdffac3,15,22,0.6818,0.3182,0.6333,63.33,0.1738,0.3,0.9,-0.0002,0.13333333333333333,2455.24,546.8,6.33,8.26,6.82,4.49,6.99,Moderately Engaged
E0173,1b79f0fd1127,14,22,0.6364,0.3636,0.8643,86.43,0.0895,0.7,1.0,-0.007,0.2857142857142857,2538.34,547.92,8.64,9.11,6.36,5.23,7.48,Moderately Engaged
E0174,5b2222dba4f7,14,22,0.6364,0.3636,0.9286,92.86,0.0881,0.8,1.0,-0.0084,0.07142857142857142,2528.64,546.88,9.29,9.12,6.36,4.38,7.65,Moderately Engaged
E0175,981bb828e709,14,22,0.6364,0.3636,0.9,90.0,0.0926,0.7,1.0,-0.006,0.07142857142857142,2535.38,547.03,9.0,9.07,6.36,4.38,7.56,Moderately Engaged
E0176,795a6188d384,13,22,0.5909,0.4091,0.7769,77.69,0.131,0.6,1.0,-0.0043,0.15384615384615385,2630.8,532.96,7.77,8.69,5.91,4.84,6.93,Moderately Engaged
E0177,223aed499452,6,22,0.2727,0.7273,0.8333,83.33,0.1247,0.7,1.0,-0.0229,0.16666666666666666,244.94,85.84,8.33,8.75,2.73,5.85,5.33,Disengaged
E0178,c771673deb6a,6,22,0.2727,0.7273,0.7667,76.67,0.1599,0.5,0.9,-0.0286,0.0,248.27,85.09,7.67,8.4,2.73,5.18,5.1,Disengaged
E0179,e980889e3c3f,15,22,0.6818,0.3182,0.7133,71.33,0.2125,0.3,1.0,0.014,0.2,2460.17,547.54,7.13,7.88,6.82,4.75,7.11,Moderately Engaged
E0180,cee889375e31,15,22,0.6818,0.3182,0.8733,87.33,0.1436,0.6,1.0,-0.0111,0.13333333333333333,2454.23,547.02,8.73,8.56,6.82,4.49,7.65,Moderately Engaged
E0181,54bc8f17144d,5,22,0.2273,0.7727,0.7,70.0,0.2,0.4,1.0,-0.0349,0.0,308.23,84.91,7.0,8.0,2.27,5.32,4.6,Disengaged
E0182,180d01402337,15,22,0.6818,0.3182,0.82,82.0,0.1424,0.5,1.0,-0.0013,0.0,2448.96,547.5,8.2,8.58,6.82,3.95,7.52,Moderately Engaged
E0183,6bd8b4c04cc0,3,22,0.1364,0.8636,0.8,80.0,0.0816,0.7,0.9,0.1,0.0,251.23,48.97,8.0,9.18,1.36,5.59,4.59,Disengaged
E0184,ef8e1b16dd64,6,22,0.2727,0.7273,0.8,80.0,0.1528,0.6,1.0,0.0743,0.0,247.92,85.04,8.0,8.47,2.73,5.18,5.19,Disengaged
E0185,2e5f0851d72d,6,22,0.2727,0.7273,0.8167,81.67,0.0898,0.7,1.0,0.0143,0.0,247.06,84.55,8.17,9.1,2.73,5.18,5.36,Disengaged
E0186,917a79eaae7e,15,22,0.6818,0.3182,0.92,92.0,0.098,0.7,1.0,-0.0072,0.13333333333333333,2450.56,546.99,9.2,9.02,6.82,4.49,7.85,Moderately Engaged
E0187,03971bbf7fc4,6,22,0.2727,0.7273,0.8167,81.67,0.1572,0.6,1.0,-0.0429,0.0,245.89,84.94,8.17,8.43,2.73,5.18,5.23,Disengaged
E0188,d2375f50a74a,6,22,0.2727,0.7273,0.8,80.0,0.1414,0.6,1.0,0.0,0.0,248.24,85.0,8.0,8.59,2.73,5.18,5.22,Disengaged
E0189,16331edb2503,15,22,0.6818,0.3182,0.74,74.0,0.1405,0.5,0.9,0.0001,0.3333333333333333,2460.5,547.06,7.4,8.6,6.82,5.29,7.32,Moderately Engaged
E0190,ca83afa04e2b,12,22,0.5455,0.4545,0.725,72.5,0.1639,0.5,1.0,-0.0044,0.08333333333333333,2728.25,533.01,7.25,8.36,5.45,4.7,6.48,Moderately Engaged
E0191,848e260ad177,13,22,0.5909,0.4091,0.8385,83.85,0.1595,0.4,1.0,-0.0128,0.15384615384615385,2626.83,547.09,8.38,8.4,5.91,4.84,7.03,Moderately Engaged
E0192,06252e90781a,4,22,0.1818,0.8182,0.925,92.5,0.0829,0.8,1.0,-0.01,0.0,310.43,50.09,9.25,9.17,1.82,5.45,5.15,Disengaged
E0193,8bd8a50661da,1,22,0.0455,0.9545,1.0,100.0,0.0,1.0,1.0,0.0214,0.0,223.72,0.0,10.0,10.0,0.45,4.15,4.75,Disengaged
E0194,190d0c215328,5,22,0.2273,0.7727,0.76,76.0,0.049,0.7,0.8,-0.0108,0.0,328.24,84.67,7.6,9.51,2.27,5.32,5.05,Disengaged
E0195,091743f2f99a,11,22,0.5,0.5,0.8727,87.27,0.1135,0.7,1.0,-0.0087,0.09090909090909091,2827.27,540.08,8.73,8.86,5.0,4.86,6.7,Moderately Engaged
E0196,30609e879c23,11,22,0.5,0.5,0.9,90.0,0.1279,0.6,1.0,0.0003,0.2727272727272727,2836.32,539.96,9.0,8.72,5.0,5.59,6.74,Moderately Engaged
E0197,20b4329b6ec8,15,22,0.6818,0.3182,0.84,84.0,0.0879,0.6,1.0,-0.0013,0.2,2455.11,547.0,8.4,9.12,6.82,4.75,7.67,Moderately Engaged
E0198,beedc857c0a7,4,22,0.1818,0.8182,0.65,65.0,0.15,0.4,0.8,-0.1,0.0,212.26,70.5,6.5,8.5,1.82,5.45,4.32,Disengaged
E0199,f9af4d505bb0,6,22,0.2727,0.7273,0.7333,73.33,0.1886,0.5,1.0,0.0171,0.0,237.6,85.11,7.33,8.11,2.73,5.18,4.96,Disengaged
E0200,b67d8ca2152e,6,22,0.2727,0.7273,0.6833,68.33,0.1772,0.5,1.0,0.02,0.16666666666666666,247.03,85.53,6.83,8.23,2.73,5.85,4.85,Disengaged
E0201,ce30c742be71,6,22,0.2727,0.7273,0.85,85.0,0.15,0.6,1.0,-0.0086,0.16666666666666666,249.8,84.99,8.5,8.5,2.73,5.85,5.32,Disengaged
E0202,247149c8bcc0,5,22,0.2273,0.7727,0.88,88.0,0.1166,0.7,1.0,-0.0351,0.0,199.77,84.99,8.8,8.83,2.27,5.32,5.22,Disengaged
E0203,9681045803eb,10,22,0.4545,0.5455,0.83,83.0,0.11,0.7,1.0,0.0012,0.0,2103.27,427.86,8.3,8.9,4.55,4.64,6.36,Moderately Engaged
E0204,881edecdee34,13,22,0.5909,0.4091,0.9077,90.77,0.1206,0.7,1.0,-0.0126,0.0,2621.24,547.0,9.08,8.79,5.91,4.23,7.28,Moderately Engaged
E0205,864d079dd863,6,22,0.2727,0.7273,0.85,85.0,0.15,0.6,1.0,-0.0086,0.0,246.83,84.99,8.5,8.5,2.73,5.18,5.32,Disengaged
E0206,55c939db492b,6,22,0.2727,0.7273,0.9333,93.33,0.1106,0.7,1.0,-0.0057,0.16666666666666666,243.69,85.92,9.33,8.89,2.73,5.85,5.61,Disengaged
E0207,095fa1d6c7c8,6,22,0.2727,0.7273,0.85,85.0,0.1607,0.6,1.0,-0.0371,0.0,247.15,85.02,8.5,8.39,2.73,5.18,5.3,Disengaged
E0208,705576731fda,5,22,0.2273,0.7727,0.68,68.0,0.2135,0.3,0.9,0.0284,0.2,329.43,85.01,6.8,7.86,2.27,6.12,4.52,Disengaged
E0209,3d1840454eb7,6,22,0.2727,0.7273,0.85,85.0,0.1258,0.7,1.0,-0.0314,0.0,249.19,85.06,8.5,8.74,2.73,5.18,5.37,Disengaged
E0210,5b1e7f238bcb,15,22,0.6818,0.3182,0.9133,91.33,0.1087,0.7,1.0,-0.0114,0.2,2455.04,546.99,9.13,8.91,6.82,4.75,7.82,Moderately Engaged
E0211,c62b12dc687e,6,22,0.2727,0.7273,0.85,85.0,0.1384,0.6,1.0,0.0429,0.0,251.79,85.01,8.5,8.62,2.73,5.18,5.35,Disengaged
E0212,8b4dabfca390,13,22,0.5909,0.4091,0.9,90.0,0.1301,0.6,1.0,-0.0014,0.15384615384615385,2622.69,546.99,9.0,8.7,5.91,4.84,7.24,Moderately Engaged
E0213,48e778f6b695,12,22,0.5455,0.4545,0.7,70.0,0.1,0.5,0.8,0.0026,0.0,2731.3,525.97,7.0,9.0,5.45,4.36,6.55,Moderately Engaged
E0214,1327c038df7c,15,22,0.6818,0.3182,0.9067,90.67,0.1123,0.7,1.0,-0.005,0.26666666666666666,2454.1,547.56,9.07,8.88,6.82,5.02,7.79,Moderately Engaged
E0215,54e73f55374a,6,22,0.2727,0.7273,0.5167,51.67,0.1675,0.3,0.7,-0.0714,0.0,250.61,85.01,5.17,8.33,2.73,5.18,4.46,Disengaged
E0216,ae05b7b979c2,7,22,0.3182,0.6818,0.8143,81.43,0.0833,0.7,0.9,0.0091,0.2857142857142857,244.24,77.16,8.14,9.17,3.18,6.19,5.62,Disengaged
E0217,a574d8cd4b3b,6,22,0.2727,0.7273,0.75,75.0,0.2363,0.3,1.0,0.0143,0.0,246.91,85.0,7.5,7.64,2.73,5.18,4.9,Disengaged
E0218,f946260e4554,6,22,0.2727,0.7273,0.8333,83.33,0.1491,0.6,1.0,-0.0343,0.0,246.12,85.01,8.33,8.51,2.73,5.18,5.29,Disengaged
E0219,ac89f810cf7a,13,22,0.5909,0.4091,0.8462,84.62,0.15,0.5,1.0,-0.0067,0.07692307692307693,2674.89,547.03,8.46,8.5,5.91,4.53,7.07,Moderately Engaged
E0220,1bfaddc480c8,15,22,0.6818,0.3182,0.9267,92.67,0.0929,0.7,1.0,-0.0029,0.2,2454.96,547.02,9.27,9.07,6.82,4.75,7.88,Moderately Engaged
E0221,664b0d764bab,13,22,0.5909,0.4091,0.9231,92.31,0.0973,0.7,1.0,-0.0043,0.15384615384615385,2622.03,547.04,9.23,9.03,5.91,4.84,7.36,Moderately Engaged
E0222,4f4a7a4985d1,4,22,0.1818,0.8182,0.8,80.0,0.1225,0.6,0.9,0.06,0.0,206.2,49.97,8.0,8.78,1.82,5.45,4.76,Disengaged
E0223,586c15c0792e,15,22,0.6818,0.3182,0.9067,90.67,0.1123,0.7,1.0,-0.0117,0.13333333333333333,2460.27,547.09,9.07,8.88,6.82,4.49,7.79,Moderately Engaged
E0224,079ce3547483,14,22,0.6364,0.3636,0.8643,86.43,0.1172,0.7,1.0,-0.0049,0.14285714285714285,2533.09,539.99,8.64,8.83,6.36,4.66,7.43,Moderately Engaged
E0225,e4339facfe92,15,22,0.6818,0.3182,0.96,96.0,0.0611,0.8,1.0,-0.0045,0.06666666666666667,2455.02,547.0,9.6,9.39,6.82,4.22,8.03,Moderately Engaged
E0226,4e5264cc3a22,6,22,0.2727,0.7273,0.7667,76.67,0.1247,0.6,1.0,0.0057,0.0,245.85,85.16,7.67,8.75,2.73,5.18,5.17,Disengaged
E0227,4da01acd68da,4,22,0.1818,0.8182,0.75,75.0,0.1803,0.5,1.0,-0.04,0.0,207.46,69.93,7.5,8.2,1.82,5.45,4.51,Disengaged
E0228,cf170041b8ba,4,22,0.1818,0.8182,0.8,80.0,0.0707,0.7,0.9,-0.02,0.0,209.71,49.09,8.0,9.29,1.82,5.45,4.86,Disengaged
E0229,b05c95a84d34,6,22,0.2727,0.7273,0.7833,78.33,0.1572,0.6,1.0,-0.0143,0.0,247.95,84.87,7.83,8.43,2.73,5.18,5.14,Disengaged
E0230,9650f31af96e,5,22,0.2273,0.7727,0.9,90.0,0.1265,0.7,1.0,-0.01,0.0,270.47,64.1,9.0,8.74,2.27,5.32,5.25,Disengaged
E0231,585904d35c15,15,22,0.6818,0.3182,0.8467,84.67,0.1893,0.3,1.0,-0.0055,0.0,2455.83,547.06,8.47,8.11,6.82,3.95,7.49,Moderately Engaged
E0232,3bc33d516554,5,22,0.2273,0.7727,0.74,74.0,0.08,0.7,0.9,-0.0297,0.0,330.22,85.05,7.4,9.2,2.27,5.32,4.94,Disengaged
E0233,462506eaccc1,14,22,0.6364,0.3636,0.7571,75.71,0.2129,0.3,1.0,0.0034,0.14285714285714285,2537.77,540.1,7.57,7.87,6.36,4.66,6.97,Moderately Engaged
E0234,de9c14abf914,15,22,0.6818,0.3182,0.8533,85.33,0.136,0.6,1.0,-0.0059,0.13333333333333333,2454.63,547.03,8.53,8.64,6.82,4.49,7.61,Moderately Engaged
E0235,ade4e8e6d0db,15,22,0.6818,0.3182,0.8867,88.67,0.1454,0.5,1.0,-0.0029,0.13333333333333333,2454.46,546.94,8.87,8.55,6.82,4.49,7.68,Moderately Engaged
E0236,beb79f5c12a0,6,22,0.2727,0.7273,0.7333,73.33,0.1972,0.5,1.0,-0.0171,0.0,247.04,85.01,7.33,8.03,2.73,5.18,4.94,Disengaged
E0237,2c7c16b41a38,4,22,0.1818,0.8182,0.9,90.0,0.0707,0.8,1.0,0.0114,0.0,233.33,63.99,9.0,9.29,1.82,5.45,5.11,Disengaged
E0238,b422e559cd0d,12,22,0.5455,0.4545,0.775,77.5,0.1963,0.3,1.0,-0.0104,0.0,2727.46,533.01,7.75,8.04,5.45,4.36,6.54,Moderately Engaged
E0239,d5bc4105abe5,4,22,0.1818,0.8182,0.675,67.5,0.2487,0.3,1.0,-0.1629,0.0,464.64,63.19,6.75,7.51,1.82,5.45,4.19,Disengaged
E0240,6747cfb6aa8d,15,22,0.6818,0.3182,0.9067,90.67,0.0854,0.8,1.0,-0.0031,0.13333333333333333,2454.35,547.87,9.07,9.15,6.82,4.49,7.85,Moderately Engaged
E0241,c1a392b74d46,15,22,0.6818,0.3182,0.8133,81.33,0.1408,0.5,1.0,-0.0039,0.0,2455.25,547.03,8.13,8.59,6.82,3.95,7.5,Moderately Engaged
E0242,a98ef31eb07f,6,22,0.2727,0.7273,0.8833,88.33,0.1067,0.7,1.0,-0.0371,0.0,247.17,84.98,8.83,8.93,2.73,5.18,5.49,Disengaged
E0243,34d866e2cf3e,6,22,0.2727,0.7273,0.8,80.0,0.2,0.4,1.0,-0.0457,0.0,248.16,85.09,8.0,8.0,2.73,5.18,5.1,Disengaged
E0244,82124977e5a1,6,22,0.2727,0.7273,0.7167,71.67,0.1213,0.5,0.9,0.0257,0.0,247.16,85.05,7.17,8.79,2.73,5.18,5.05,Disengaged
E0245,5bfe0fa4dbe3,6,22,0.2727,0.7273,0.75,75.0,0.15,0.5,1.0,-0.0143,0.0,245.53,85.15,7.5,8.5,2.73,5.18,5.08,Disengaged
E0246,7634bcc22366,5,22,0.2273,0.7727,0.9,90.0,0.1265,0.7,1.0,-0.0541,0.4,324.42,84.08,9.0,8.74,2.27,6.92,5.25,Disengaged
E0247,74b7087602a9,15,22,0.6818,0.3182,0.9267,92.67,0.0998,0.7,1.0,-0.0129,0.13333333333333333,2455.31,546.78,9.27,9.0,6.82,4.49,7.87,Moderately Engaged
E0248,c912d71916d3,15,22,0.6818,0.3182,0.72,72.0,0.2072,0.3,1.0,-0.0006,0.0,2452.0,547.22,7.2,7.93,6.82,3.95,7.14,Moderately Engaged
E0249,e78808d73502,5,22,0.2273,0.7727,0.9,90.0,0.0894,0.8,1.0,-0.027,0.0,329.6,84.93,9.0,9.11,2.27,5.32,5.32,Disengaged
E0250,e1c4503e132c,6,22,0.2727,0.7273,0.8667,86.67,0.1106,0.7,1.0,-0.0343,0.0,243.59,85.9,8.67,8.89,2.73,5.18,5.45,Disengaged
E0251,485e1be6dabf,6,22,0.2727,0.7273,0.8667,86.67,0.1374,0.6,1.0,0.0286,0.0,247.09,84.96,8.67,8.63,2.73,5.18,5.39,Disengaged
E0252,24aeef41ac32,15,22,0.6818,0.3182,0.9067,90.67,0.0998,0.6,1.0,-0.0003,0.13333333333333333,2456.35,547.04,9.07,9.0,6.82,4.49,7.82,Moderately Engaged
E0253,87e7dd70c29f,7,22,0.3182,0.6818,0.8571,85.71,0.105,0.7,1.0,-0.0188,0.0,2440.13,414.07,8.57,8.95,3.18,5.05,5.68,Disengaged
E0254,fdf70a8bd069,6,22,0.2727,0.7273,0.7,70.0,0.1732,0.5,1.0,0.0343,0.0,246.3,84.72,7.0,8.27,2.73,5.18,4.9,Disengaged
E0255,8aca6878ff2c,5,22,0.2273,0.7727,0.7,70.0,0.0894,0.6,0.8,-0.0,0.0,329.15,84.81,7.0,9.11,2.27,5.32,4.82,Disengaged
E0256,fbbc7b6e5ed8,8,22,0.3636,0.6364,0.7875,78.75,0.1269,0.6,1.0,-0.0047,0.25,3393.63,533.29,7.88,8.73,3.64,5.91,5.72,Disengaged
E0257,4ef0b9010319,15,22,0.6818,0.3182,0.9467,94.67,0.0618,0.8,1.0,-0.0032,0.06666666666666667,2453.03,547.08,9.47,9.38,6.82,4.22,7.99,Moderately Engaged
E0258,299cdb52d909,15,22,0.6818,0.3182,0.7533,75.33,0.1628,0.5,1.0,-0.0105,0.13333333333333333,2459.96,547.19,7.53,8.37,6.82,4.49,7.31,Moderately Engaged
E0259,b24140a55bd4,6,22,0.2727,0.7273,0.8833,88.33,0.1344,0.7,1.0,-0.0143,0.0,246.07,84.98,8.83,8.66,2.73,5.18,5.44,Disengaged
E0260,e6469adb9fa5,6,22,0.2727,0.7273,0.8333,83.33,0.1247,0.7,1.0,-0.0286,0.0,246.8,84.94,8.33,8.75,2.73,5.18,5.33,Disengaged
E0261,fd11f078fe73,6,22,0.2727,0.7273,0.8833,88.33,0.1067,0.7,1.0,-0.0371,0.0,250.12,85.02,8.83,8.93,2.73,5.18,5.49,Disengaged
E0262,bd011aef5a11,15,22,0.6818,0.3182,0.7733,77.33,0.1236,0.6,1.0,-0.0053,0.06666666666666667,2455.03,547.02,7.73,8.76,6.82,4.22,7.44,Moderately Engaged
E0263,f58f011a28b5,13,22,0.5909,0.4091,0.9231,92.31,0.1049,0.7,1.0,-0.0132,0.15384615384615385,2622.82,547.0,9.23,8.95,5.91,4.84,7.35,Moderately Engaged
E0264,9a4f3d95a186,15,22,0.6818,0.3182,0.9667,96.67,0.0596,0.8,1.0,-0.0053,0.13333333333333333,2453.22,546.85,9.67,9.4,6.82,4.49,8.05,Moderately Engaged
E0265,7c97fb5305b6,3,22,0.1364,0.8636,0.8,80.0,0.0,0.8,0.8,0.0,0.0,85.18,20.96,8.0,10.0,1.36,4.11,4.75,Disengaged
E0266,38b40526cd10,15,22,0.6818,0.3182,0.9,90.0,0.1211,0.6,1.0,-0.0082,0.06666666666666667,2458.14,547.03,9.0,8.79,6.82,4.22,7.76,Moderately Engaged
E0267,310ecd36858f,8,22,0.3636,0.6364,0.8625,86.25,0.1218,0.6,1.0,-0.0081,0.25,3527.63,526.08,8.62,8.78,3.64,5.91,5.91,Disengaged
E0268,a8189b270bcc,10,22,0.4545,0.5455,0.98,98.0,0.04,0.9,1.0,0.0024,0.1,160.26,91.87,9.8,9.6,4.55,4.9,6.87,Moderately Engaged
E0269,155b82d125ef,4,22,0.1818,0.8182,0.8,80.0,0.0707,0.7,0.9,-0.0071,0.0,708.32,85.02,8.0,9.29,1.82,5.45,4.86,Disengaged
E0270,56c487630dc2,13,22,0.5909,0.4091,0.5923,59.23,0.3173,0.1,1.0,0.0109,0.15384615384615385,2618.18,540.93,5.92,6.83,5.91,4.84,6.1,Moderately Engaged
E0271,e340f29c71ce,15,22,0.6818,0.3182,0.96,96.0,0.0712,0.8,1.0,-0.0067,0.13333333333333333,2455.57,546.97,9.6,9.29,6.82,4.49,8.01,Moderately Engaged
E0272,f5c42bb242de,15,22,0.6818,0.3182,0.9267,92.67,0.0772,0.8,1.0,-0.0054,0.13333333333333333,2454.78,547.0,9.27,9.23,6.82,4.49,7.91,Moderately Engaged
E0273,3405173c4a29,6,22,0.2727,0.7273,0.85,85.0,0.0957,0.7,1.0,-0.0029,0.0,247.04,84.99,8.5,9.04,2.73,5.18,5.43,Disengaged
E0274,fc6aef284bcb,6,22,0.2727,0.7273,0.8333,83.33,0.1106,0.7,1.0,0.0057,0.16666666666666666,242.83,85.86,8.33,8.89,2.73,5.85,5.36,Disengaged
E0275,5a01bc368a27,4,22,0.1818,0.8182,0.8,80.0,0.1225,0.6,0.9,-0.0571,0.0,311.01,77.51,8.0,8.78,1.82,5.45,4.76,Disengaged
E0276,9d3c69a78fa5,15,22,0.6818,0.3182,0.76,76.0,0.1818,0.3,1.0,-0.0064,0.13333333333333333,2454.63,547.49,7.6,8.18,6.82,4.49,7.29,Moderately Engaged
E0277,a6fa763bba59,6,22,0.2727,0.7273,0.8833,88.33,0.1863,0.5,1.0,0.0143,0.0,248.9,85.01,8.83,8.14,2.73,5.18,5.34,Disengaged
E0278,33887785c50e,6,22,0.2727,0.7273,0.9,90.0,0.0816,0.8,1.0,-0.0114,0.0,245.12,85.34,9.0,9.18,2.73,5.18,5.59,Disengaged
E0279,9ff2a54ff0d9,15,22,0.6818,0.3182,0.8533,85.33,0.1204,0.6,1.0,-0.0029,0.06666666666666667,2455.51,547.03,8.53,8.8,6.82,4.22,7.64,Moderately Engaged
E0280,4477273d5e42,6,22,0.2727,0.7273,0.8167,81.67,0.2339,0.4,1.0,-0.0714,0.0,246.32,85.02,8.17,7.66,2.73,5.18,5.07,Disengaged
E0281,286e0927d89e,15,22,0.6818,0.3182,0.8533,85.33,0.1204,0.6,1.0,-0.003,0.3333333333333333,2450.44,547.01,8.53,8.8,6.82,5.29,7.64,Moderately Engaged
E0282,c963f589ce99,15,22,0.6818,0.3182,0.9,90.0,0.1414,0.5,1.0,-0.016,0.13333333333333333,2455.82,547.13,9.0,8.59,6.82,4.49,7.72,Moderately Engaged
E0283,cfc1d283750a,6,22,0.2727,0.7273,0.75,75.0,0.1258,0.5,0.9,0.0371,0.0,241.29,84.97,7.5,8.74,2.73,5.18,5.12,Disengaged
E0284,6826f623f21c,15,22,0.6818,0.3182,0.82,82.0,0.1108,0.6,1.0,-0.0088,0.3333333333333333,2458.19,547.92,8.2,8.89,6.82,5.29,7.58,Moderately Engaged
E0285,1ba194e476d2,6,22,0.2727,0.7273,0.85,85.0,0.0957,0.7,1.0,-0.0429,0.0,247.53,85.0,8.5,9.04,2.73,5.18,5.43,Disengaged
E0286,d1288ca49892,6,22,0.2727,0.7273,0.8167,81.67,0.1675,0.6,1.0,-0.0257,0.0,250.62,85.0,8.17,8.33,2.73,5.18,5.21,Disengaged
E0287,5fdf1c5effc1,11,22,0.5,0.5,0.7273,72.73,0.1763,0.4,1.0,-0.0336,0.18181818181818182,150.11,91.0,7.27,8.24,5.0,4.91,6.22,Moderately Engaged
E0288,040336fe3ab4,11,22,0.5,0.5,0.9455,94.55,0.0656,0.8,1.0,-0.0036,0.09090909090909091,3107.0,547.08,9.45,9.34,5.0,4.86,6.98,Moderately Engaged
E0289,049fee1bef17,13,22,0.5909,0.4091,0.7462,74.62,0.0929,0.6,0.9,-0.0005,0.15384615384615385,2631.24,540.09,7.46,9.07,5.91,4.84,6.93,Moderately Engaged
E0290,8db80863a38a,11,22,0.5,0.5,0.8,80.0,0.1809,0.4,1.0,-0.0046,0.18181818181818182,2842.99,539.26,8.0,8.19,5.0,5.23,6.39,Moderately Engaged
E0291,5d5bc0ad647d,15,22,0.6818,0.3182,0.88,88.0,0.1376,0.5,1.0,-0.0051,0.06666666666666667,2454.68,547.0,8.8,8.62,6.82,4.22,7.67,Moderately Engaged
E0292,db66b12f145a,6,22,0.2727,0.7273,0.8167,81.67,0.1572,0.6,1.0,-0.0257,0.0,246.63,85.02,8.17,8.43,2.73,5.18,5.23,Disengaged
E0293,bdecf1a8bb73,15,22,0.6818,0.3182,0.94,94.0,0.0879,0.7,1.0,0.0031,0.13333333333333333,2454.87,547.01,9.4,9.12,6.82,4.49,7.92,Moderately Engaged
E0294,320e5394e821,14,22,0.6364,0.3636,0.8143,81.43,0.1767,0.5,1.0,-0.01,0.14285714285714285,2724.05,547.0,8.14,8.23,6.36,4.66,7.18,Moderately Engaged
E0295,beab18287b2e,5,22,0.2273,0.7727,0.7,70.0,0.1549,0.4,0.8,0.0405,0.0,329.88,84.89,7.0,8.45,2.27,5.32,4.69,Disengaged
E0296,1d3da2a3ace1,10,22,0.4545,0.5455,0.72,72.0,0.2227,0.2,1.0,0.0012,0.2,3258.26,526.05,7.2,7.77,4.55,5.44,5.85,Moderately Engaged
E0297,16e9f1811889,4,22,0.1818,0.8182,0.825,82.5,0.1479,0.6,1.0,-0.03,0.0,309.27,50.07,8.25,8.52,1.82,5.45,4.77,Disengaged
E0298,e4b948f873d7,14,22,0.6364,0.3636,0.6571,65.71,0.1294,0.5,0.9,0.0025,0.14285714285714285,2533.32,547.03,6.57,8.71,6.36,4.66,6.88,Moderately Engaged
E0299,28dd464ff8b2,6,22,0.2727,0.7273,0.75,75.0,0.1258,0.6,0.9,-0.0071,0.16666666666666666,4058.24,484.15,7.5,8.74,2.73,5.85,5.12,Disengaged
E0300,f32e0b405204,15,22,0.6818,0.3182,0.8,80.0,0.1461,0.4,1.0,0.0048,0.13333333333333333,2454.66,546.99,8.0,8.54,6.82,4.49,7.46,Moderately Engaged
E0301,66ef004c385b,4,22,0.1818,0.8182,0.675,67.5,0.109,0.5,0.8,-0.07,0.0,207.36,48.99,6.75,8.91,1.82,5.45,4.47,Disengaged
E0302,6fa256feae47,14,22,0.6364,0.3636,0.8143,81.43,0.1505,0.5,1.0,-0.0116,0.14285714285714285,2725.81,546.98,8.14,8.49,6.36,4.66,7.23,Moderately Engaged
E0303,b1345746c7ba,13,22,0.5909,0.4091,0.7769,77.69,0.1625,0.5,1.0,-0.0004,0.07692307692307693,2823.84,547.08,7.77,8.38,5.91,4.53,6.87,Moderately Engaged
E0304,1a7c9235098c,6,22,0.2727,0.7273,0.7667,76.67,0.1491,0.6,1.0,0.0114,0.0,246.62,85.04,7.67,8.51,2.73,5.18,5.12,Disengaged
E0305,0f698698284a,14,22,0.6364,0.3636,0.95,95.0,0.0627,0.8,1.0,-0.0062,0.07142857142857142,2533.92,547.01,9.5,9.37,6.36,4.38,7.75,Moderately Engaged
E0306,1f8886ec0031,14,22,0.6364,0.3636,0.9071,90.71,0.1033,0.7,1.0,-0.011,0.21428571428571427,2547.23,533.0,9.07,8.97,6.36,4.95,7.56,Moderately Engaged
E0307,3cfde167a365,6,22,0.2727,0.7273,0.6833,68.33,0.2115,0.4,1.0,-0.0314,0.0,246.89,85.05,6.83,7.89,2.73,5.18,4.79,Disengaged
E0308,883034b22257,6,22,0.2727,0.7273,0.9,90.0,0.1,0.7,1.0,-0.0229,0.0,246.86,84.96,9.0,9.0,2.73,5.18,5.55,Disengaged
E0309,2a3ca6a74207,6,22,0.2727,0.7273,0.8667,86.67,0.1106,0.7,1.0,0.0286,0.0,246.34,85.01,8.67,8.89,2.73,5.18,5.45,Disengaged
E0310,b1426a84252c,6,22,0.2727,0.7273,0.75,75.0,0.1607,0.5,1.0,0.0143,0.16666666666666666,242.26,84.96,7.5,8.39,2.73,5.85,5.05,Disengaged
E0311,ee43a2f67bba,6,22,0.2727,0.7273,0.95,95.0,0.05,0.9,1.0,-0.0086,0.0,247.0,85.06,9.5,9.5,2.73,5.18,5.78,Disengaged
E0312,7bc96419b54d,15,22,0.6818,0.3182,0.9267,92.67,0.1123,0.6,1.0,-0.0062,0.13333333333333333,2450.93,553.89,9.27,8.88,6.82,4.49,7.84,Moderately Engaged
E0313,4832599ab00d,6,22,0.2727,0.7273,0.8667,86.67,0.1599,0.6,1.0,-0.0114,0.0,248.01,85.11,8.67,8.4,2.73,5.18,5.35,Disengaged
E0314,fa860576574d,14,22,0.6364,0.3636,0.8071,80.71,0.1486,0.6,1.0,-0.005,0.07142857142857142,2532.17,539.69,8.07,8.51,6.36,4.38,7.22,Moderately Engaged
E0315,172f7d87d7df,6,22,0.2727,0.7273,0.8167,81.67,0.1344,0.6,1.0,-0.0371,0.0,247.88,84.98,8.17,8.66,2.73,5.18,5.27,Disengaged
E0316,591738377d18,6,22,0.2727,0.7273,0.8667,86.67,0.1491,0.6,1.0,-0.0571,0.0,247.5,85.01,8.67,8.51,2.73,5.18,5.37,Disengaged
E0317,08f4e3e0cbc0,15,22,0.6818,0.3182,0.8667,86.67,0.135,0.5,1.0,-0.003,0.2,2455.48,546.9,8.67,8.65,6.82,4.75,7.65,Moderately Engaged
E0318,231c34da1eee,12,22,0.5455,0.4545,0.7583,75.83,0.1256,0.5,0.9,0.004,0.16666666666666666,2726.29,547.02,7.58,8.74,5.45,5.03,6.64,Moderately Engaged
E0319,0d05baf6f10c,7,22,0.3182,0.6818,0.9714,97.14,0.0452,0.9,1.0,-0.0036,0.14285714285714285,185.48,62.92,9.71,9.55,3.18,5.62,6.09,Disengaged
E0320,80eebbf2bcb6,15,22,0.6818,0.3182,0.94,94.0,0.0879,0.7,1.0,0.0031,0.13333333333333333,2455.08,547.01,9.4,9.12,6.82,4.49,7.92,Moderately Engaged
E0321,9d943f36c47d,5,22,0.2273,0.7727,0.84,84.0,0.08,0.7,0.9,-0.0365,0.0,330.0,85.01,8.4,9.2,2.27,5.32,5.19,Disengaged
E0322,b88f43437537,6,22,0.2727,0.7273,0.65,65.0,0.1258,0.5,0.9,-0.0371,0.0,247.51,85.03,6.5,8.74,2.73,5.18,4.87,Disengaged
E0323,99fbc251cc7b,4,22,0.1818,0.8182,0.825,82.5,0.0433,0.8,0.9,-0.01,0.0,214.56,48.96,8.25,9.57,1.82,5.45,4.98,Disengaged
E0324,7fb29401d89e,5,22,0.2273,0.7727,0.8,80.0,0.228,0.4,1.0,0.0338,0.0,330.77,84.96,8.0,7.72,2.27,5.32,4.79,Disengaged
E0325,f82765201b61,6,22,0.2727,0.7273,0.8333,83.33,0.1491,0.6,1.0,-0.0571,0.5,239.33,85.01,8.33,8.51,2.73,7.18,5.29,Disengaged
E0326,7bfbb5d913e4,10,22,0.4545,0.5455,0.71,71.0,0.1758,0.4,1.0,-0.0107,0.0,2973.52,539.75,7.1,8.24,4.55,4.64,5.92,Moderately Engaged
E0327,2c757147946d,13,22,0.5909,0.4091,0.8538,85.38,0.1646,0.4,1.0,-0.0119,0.15384615384615385,2618.18,547.09,8.54,8.35,5.91,4.84,7.06,Moderately Engaged
E0328,4b9f36794669,5,22,0.2273,0.7727,0.86,86.0,0.196,0.5,1.0,-0.077,0.0,198.0,84.97,8.6,8.04,2.27,5.32,5.01,Disengaged
E0329,c60553db92fb,11,22,0.5,0.5,0.7545,75.45,0.2016,0.4,1.0,0.0038,0.36363636363636365,2888.29,547.46,7.55,7.98,5.0,5.95,6.23,Moderately Engaged
E0330,fe6fef72fc84,6,22,0.2727,0.7273,0.9,90.0,0.0577,0.8,1.0,-0.0057,0.0,247.16,85.05,9.0,9.42,2.73,5.18,5.63,Disengaged
E0331,09bf1ca2fae5,15,22,0.6818,0.3182,0.9333,93.33,0.0789,0.8,1.0,-0.0069,0.13333333333333333,2455.14,547.34,9.33,9.21,6.82,4.49,7.93,Moderately Engaged
E0332,f0c8ca966b9a,6,22,0.2727,0.7273,0.8833,88.33,0.1344,0.7,1.0,-0.0143,0.0,246.66,85.01,8.83,8.66,2.73,5.18,5.44,Disengaged
E0333,31ff9b58ab88,6,22,0.2727,0.7273,0.85,85.0,0.15,0.6,1.0,-0.0086,0.0,247.2,84.99,8.5,8.5,2.73,5.18,5.32,Disengaged
E0334,1aaabb2b83b0,6,22,0.2727,0.7273,0.7667,76.67,0.1106,0.7,1.0,0.0229,0.0,244.76,84.86,7.67,8.89,2.73,5.18,5.2,Disengaged
E0335,1eca3b397b0d,5,22,0.2273,0.7727,0.76,76.0,0.1625,0.6,1.0,-0.0581,0.0,330.34,85.04,7.6,8.38,2.27,5.32,4.83,Disengaged
E0336,f6a71dc4d16e,6,22,0.2727,0.7273,0.8833,88.33,0.1067,0.7,1.0,-0.0257,0.0,247.63,85.0,8.83,8.93,2.73,5.18,5.49,Disengaged
E0337,9110ee8f8101,6,22,0.2727,0.7273,0.85,85.0,0.1607,0.6,1.0,-0.06,0.0,246.52,85.09,8.5,8.39,2.73,5.18,5.3,Disengaged
E0338,77eb03bd333c,4,22,0.1818,0.8182,0.8,80.0,0.0707,0.7,0.9,0.02,0.0,209.38,48.98,8.0,9.29,1.82,5.45,4.86,Disengaged
E0339,4c45770dac13,6,22,0.2727,0.7273,0.9333,93.33,0.0471,0.9,1.0,0.0057,0.0,247.51,85.0,9.33,9.53,2.73,5.18,5.74,Disengaged
E0340,a4240dc3d668,10,22,0.4545,0.5455,0.89,89.0,0.13,0.6,1.0,0.0147,0.1,160.82,84.36,8.9,8.7,4.55,4.91,6.46,Moderately Engaged
E0341,d423d61f7fa2,6,22,0.2727,0.7273,0.75,75.0,0.15,0.5,1.0,0.0429,0.0,243.33,85.39,7.5,8.5,2.73,5.18,5.08,Disengaged
E0342,720caf2515e1,14,22,0.6364,0.3636,0.7643,76.43,0.1716,0.4,1.0,-0.006,0.21428571428571427,2540.06,547.05,7.64,8.28,6.36,4.95,7.07,Moderately Engaged
E0343,6965f3ff1a5c,3,22,0.1364,0.8636,0.8,80.0,0.0816,0.7,0.9,-0.0429,0.3333333333333333,85.15,49.12,8.0,9.18,1.36,5.44,4.59,Disengaged
E0344,883a7ba1a10d,6,22,0.2727,0.7273,0.75,75.0,0.1708,0.5,1.0,-0.0086,0.16666666666666666,243.22,85.69,7.5,8.29,2.73,5.85,5.03,Disengaged
E0345,b73fef62f7fd,5,22,0.2273,0.7727,0.94,94.0,0.08,0.8,1.0,-0.0095,0.2,325.49,85.92,9.4,9.2,2.27,6.12,5.44,Disengaged
E0346,e3bdb8a354fd,6,22,0.2727,0.7273,0.7667,76.67,0.1886,0.5,1.0,-0.0343,0.0,246.06,85.07,7.67,8.11,2.73,5.18,5.04,Disengaged
E0347,393e989838ca,6,22,0.2727,0.7273,0.8333,83.33,0.1886,0.5,1.0,-0.0343,0.16666666666666666,246.29,84.96,8.33,8.11,2.73,5.85,5.21,Disengaged
E0348,f8fdabadae79,6,22,0.2727,0.7273,0.8333,83.33,0.17,0.6,1.0,-0.0286,0.0,242.01,84.61,8.33,8.3,2.73,5.18,5.24,Disengaged
E0349,c37de27f2e3d,10,22,0.4545,0.5455,0.95,95.0,0.05,0.9,1.0,-0.0055,0.0,165.01,90.53,9.5,9.5,4.55,4.58,6.78,Moderately Engaged
E0350,8b5dba99b5cb,6,22,0.2727,0.7273,0.8667,86.67,0.1599,0.6,1.0,0.0229,0.0,245.71,84.97,8.67,8.4,2.73,5.18,5.35,Disengaged
E0351,0eee683e2ff8,15,22,0.6818,0.3182,0.8667,86.67,0.0943,0.6,1.0,0.0022,0.06666666666666667,2455.52,547.0,8.67,9.06,6.82,4.22,7.73,Moderately Engaged
E0352,8dabf13cade3,15,22,0.6818,0.3182,0.8133,81.33,0.1707,0.5,1.0,-0.0049,0.13333333333333333,2454.61,547.06,8.13,8.29,6.82,4.49,7.44,Moderately Engaged
E0353,d952a5d0c0f8,9,22,0.4091,0.5909,0.6889,68.89,0.1595,0.5,0.9,-0.0131,0.0,3110.84,532.97,6.89,8.41,4.09,4.77,5.65,Disengaged
E0354,da799cf94f12,6,22,0.2727,0.7273,0.85,85.0,0.15,0.6,1.0,0.0086,0.0,245.91,84.99,8.5,8.5,2.73,5.18,5.32,Disengaged
E0355,704443c5ce5f,6,22,0.2727,0.7273,0.7333,73.33,0.2211,0.4,1.0,0.0,0.3333333333333333,239.99,84.66,7.33,7.79,2.73,6.52,4.89,Disengaged
E0356,1f5f89bd12be,15,22,0.6818,0.3182,0.9667,96.67,0.0596,0.8,1.0,-0.0053,0.13333333333333333,2453.24,546.85,9.67,9.4,6.82,4.49,8.05,Moderately Engaged
E0357,194126f2680c,11,22,0.5,0.5,0.8727,87.27,0.1656,0.4,1.0,-0.0036,0.0,150.61,91.06,8.73,8.34,5.0,4.19,6.6,Moderately Engaged
E0358,5b4e349cb4ab,6,22,0.2727,0.7273,0.7667,76.67,0.17,0.6,1.0,0.04,0.0,247.62,85.0,7.67,8.3,2.73,5.18,5.08,Disengaged
E0359,7691858e5fb2,4,22,0.1818,0.8182,0.9,90.0,0.1225,0.7,1.0,0.1,0.0,208.13,49.07,9.0,8.78,1.82,5.45,5.01,Disengaged
E0360,c9ef876888d1,6,22,0.2727,0.7273,0.7833,78.33,0.1344,0.5,0.9,0.0371,0.0,243.79,85.22,7.83,8.66,2.73,5.18,5.19,Disengaged
E0361,296b005651b4,3,22,0.1364,0.8636,0.7667,76.67,0.1247,0.6,0.9,-0.15,0.0,82.9,21.02,7.67,8.75,1.36,4.07,4.42,Disengaged
E0362,e9e425741181,6,22,0.2727,0.7273,0.8667,86.67,0.1247,0.7,1.0,-0.0171,0.16666666666666666,238.36,85.01,8.67,8.75,2.73,5.85,5.42,Disengaged
E0363,c02a59343417,4,22,0.1818,0.8182,0.75,75.0,0.2062,0.4,0.9,-0.0714,0.0,374.28,85.04,7.5,7.94,1.82,5.45,4.46,Disengaged
E0364,c132a7d8d494,15,22,0.6818,0.3182,0.9,90.0,0.0894,0.7,1.0,-0.0097,0.0,2455.24,546.97,9.0,9.11,6.82,3.95,7.82,Moderately Engaged
E0365,ea008a044505,15,22,0.6818,0.3182,0.68,68.0,0.1759,0.4,0.9,0.0143,0.06666666666666667,2453.03,547.02,6.8,8.24,6.82,4.22,7.1,Moderately Engaged
E0366,5fd5650e351f,4,22,0.1818,0.8182,0.975,97.5,0.0433,0.9,1.0,-0.01,0.0,356.33,64.01,9.75,9.57,1.82,5.45,5.35,Disengaged
E0367,cb25e67a6730,5,22,0.2273,0.7727,0.5,50.0,0.1549,0.4,0.8,0.09,0.2,268.94,64.15,5.0,8.45,2.27,6.12,4.19,Disengaged
E0368,ef3e89937e6e,13,22,0.5909,0.4091,0.7231,72.31,0.2258,0.1,1.0,-0.0251,0.15384615384615385,2821.26,546.97,7.23,7.74,5.91,4.84,6.61,Moderately Engaged
E0369,7b533c03dfee,6,22,0.2727,0.7273,0.8167,81.67,0.1344,0.7,1.0,-0.02,0.0,242.21,84.89,8.17,8.66,2.73,5.18,5.27,Disengaged
E0370,fe599df7f85a,11,22,0.5,0.5,0.8909,89.09,0.09,0.7,1.0,0.0136,0.09090909090909091,153.47,91.12,8.91,9.1,5.0,4.6,6.8,Moderately Engaged
E0371,662e5c032f1b,6,22,0.2727,0.7273,0.8833,88.33,0.1067,0.7,1.0,-0.0086,0.0,246.12,85.2,8.83,8.93,2.73,5.18,5.49,Disengaged
E0372,dea31558228a,13,22,0.5909,0.4091,0.7231,72.31,0.2189,0.2,1.0,-0.0007,0.07692307692307693,2626.21,539.98,7.23,7.81,5.91,4.53,6.62,Moderately Engaged
E0373,7626639ffc41,6,22,0.2727,0.7273,0.9,90.0,0.0816,0.8,1.0,-0.0114,0.0,247.87,85.0,9.0,9.18,2.73,5.18,5.59,Disengaged
E0374,88089eebe899,2,22,0.0909,0.9091,0.65,65.0,0.25,0.4,0.9,-0.0053,0.0,0.0,7.75,6.5,7.5,0.91,2.73,3.62,Disengaged
E0375,e3099092c1d6,15,22,0.6818,0.3182,0.8867,88.67,0.131,0.5,1.0,-0.0121,0.06666666666666667,2448.95,547.01,8.87,8.69,6.82,4.22,7.7,Moderately Engaged
E0376,f41f035c475e,6,22,0.2727,0.7273,0.8,80.0,0.1528,0.6,1.0,0.0286,0.0,247.06,85.02,8.0,8.47,2.73,5.18,5.19,Disengaged
E0377,dc1b8700fe94,6,22,0.2727,0.7273,0.9333,93.33,0.0745,0.8,1.0,0.0,0.0,247.05,85.03,9.33,9.25,2.73,5.18,5.68,Disengaged
E0378,5cfc1b2f9167,15,22,0.6818,0.3182,0.94,94.0,0.0952,0.7,1.0,-0.0081,0.06666666666666667,2456.95,547.0,9.4,9.05,6.82,4.22,7.91,Moderately Engaged
E0379,a09693ff95e4,5,22,0.2273,0.7727,0.5,50.0,0.2191,0.1,0.7,-0.0946,0.0,329.74,85.2,5.0,7.81,2.27,5.32,4.06,Disengaged
E0380,a6c671728add,6,22,0.2727,0.7273,0.8833,88.33,0.1067,0.7,1.0,0.0086,0.0,247.6,84.98,8.83,8.93,2.73,5.18,5.49,Disengaged
E0381,97f6fe5e1fc5,5,22,0.2273,0.7727,0.82,82.0,0.16,0.6,1.0,-0.0216,0.0,330.45,84.97,8.2,8.4,2.27,5.32,4.98,Disengaged
E0382,71ff20568754,6,22,0.2727,0.7273,0.7667,76.67,0.2494,0.3,1.0,-0.0686,0.0,246.79,84.99,7.67,7.51,2.73,5.18,4.92,Disengaged
E0383,02defbc900cd,3,22,0.1364,0.8636,0.5,50.0,0.3559,0.0,0.8,-0.4,0.0,10.55,15.01,5.0,6.44,1.36,2.78,3.29,Disengaged
E0384,27633be4e136,6,22,0.2727,0.7273,0.8833,88.33,0.0687,0.8,1.0,-0.0143,0.0,246.36,85.01,8.83,9.31,2.73,5.18,5.57,Disengaged
E0385,9e041c6ede35,5,22,0.2273,0.7727,0.86,86.0,0.1356,0.7,1.0,-0.0,0.4,264.15,63.06,8.6,8.64,2.27,6.92,5.13,Disengaged
E0386,393757cc9e76,6,22,0.2727,0.7273,0.8,80.0,0.1915,0.4,1.0,0.04,0.0,244.55,84.84,8.0,8.09,2.73,5.18,5.12,Disengaged
E0387,959208bc6ab8,5,22,0.2273,0.7727,0.7,70.0,0.1265,0.6,0.9,-0.0135,0.0,202.8,85.0,7.0,8.74,2.27,5.32,4.75,Disengaged
E0388,92c023d8e8c7,6,22,0.2727,0.7273,0.8667,86.67,0.0943,0.7,1.0,-0.0171,0.0,247.9,85.0,8.67,9.06,2.73,5.18,5.48,Disengaged
E0389,fd73395c6733,6,22,0.2727,0.7273,0.9,90.0,0.1,0.8,1.0,-0.0286,0.0,246.76,84.9,9.0,9.0,2.73,5.18,5.55,Disengaged
E0390,7b083befa400,5,22,0.2273,0.7727,0.78,78.0,0.172,0.5,1.0,0.03,0.0,268.53,64.05,7.8,8.28,2.27,5.32,4.86,Disengaged
E0391,0fb51db6ac2a,4,22,0.1818,0.8182,0.875,87.5,0.1299,0.7,1.0,-0.03,0.0,313.18,50.06,8.75,8.7,1.82,5.45,4.93,Disengaged
E0392,b50fe69e0ff7,6,22,0.2727,0.7273,0.7833,78.33,0.1213,0.6,0.9,-0.0314,0.0,246.76,84.97,7.83,8.79,2.73,5.18,5.22,Disengaged
E0393,4a45f044e883,6,22,0.2727,0.7273,0.8667,86.67,0.1106,0.7,1.0,-0.0286,0.16666666666666666,238.9,85.31,8.67,8.89,2.73,5.85,5.45,Disengaged
E0394,6d1c8c952c5b,14,22,0.6364,0.3636,0.8429,84.29,0.1591,0.5,1.0,0.0092,0.14285714285714285,2536.02,547.15,8.43,8.41,6.36,4.66,7.29,Moderately Engaged
E0395,0dd07d32bacb,12,22,0.5455,0.4545,0.8417,84.17,0.1935,0.4,1.0,-0.0198,0.25,2717.68,546.95,8.42,8.07,5.45,5.36,6.72,Moderately Engaged
E0396,9a5dc0766516,13,22,0.5909,0.4091,0.7769,77.69,0.1625,0.5,1.0,0.0012,0.15384615384615385,2617.11,547.5,7.77,8.38,5.91,4.84,6.87,Moderately Engaged
E0397,fcd0f0b49d19,13,22,0.5909,0.4091,0.8,80.0,0.1109,0.6,1.0,-0.0014,0.15384615384615385,2678.94,546.99,8.0,8.89,5.91,4.84,7.03,Moderately Engaged
E0398,f2797ac19fb2,6,22,0.2727,0.7273,0.8,80.0,0.2708,0.2,1.0,-0.0457,0.16666666666666666,200.48,56.1,8.0,7.29,2.73,5.85,4.96,Disengaged
E0399,c6835aef6cbb,15,22,0.6818,0.3182,0.9467,94.67,0.0884,0.7,1.0,-0.0075,0.13333333333333333,2455.54,547.0,9.47,9.12,6.82,4.49,7.94,Moderately Engaged
E0400,77bf5c759386,14,22,0.6364,0.3636,0.9143,91.43,0.1059,0.7,1.0,-0.0061,0.14285714285714285,2533.54,546.96,9.14,8.94,6.36,4.66,7.57,Moderately Engaged
E0401,21292615f95e,15,22,0.6818,0.3182,0.9267,92.67,0.0929,0.7,1.0,-0.0009,0.26666666666666666,2451.52,547.86,9.27,9.07,6.82,5.02,7.88,Moderately Engaged
E0402,a5d347630460,14,22,0.6364,0.3636,0.9286,92.86,0.0958,0.7,1.0,-0.0096,0.21428571428571427,2532.33,547.01,9.29,9.04,6.36,4.95,7.63,Moderately Engaged
E0403,a7ef8178626c,15,22,0.6818,0.3182,0.7867,78.67,0.136,0.5,1.0,-0.0022,0.06666666666666667,2455.54,547.03,7.87,8.64,6.82,4.22,7.44,Moderately Engaged
E0404,7f4d1ee66cc5,6,22,0.2727,0.7273,0.7667,76.67,0.1599,0.5,1.0,-0.0229,0.0,236.88,84.43,7.67,8.4,2.73,5.18,5.1,Disengaged
E0405,9bccf591f3a7,5,22,0.2273,0.7727,0.7,70.0,0.1897,0.5,1.0,0.02,0.2,236.91,77.06,7.0,8.1,2.27,6.12,4.62,Disengaged
E0406,db1a63626830,6,22,0.2727,0.7273,0.9,90.0,0.1826,0.5,1.0,-0.0743,0.16666666666666666,246.16,84.5,9.0,8.17,2.73,5.85,5.38,Disengaged
E0407,8e1f2df60c65,12,22,0.5455,0.4545,0.8083,80.83,0.1187,0.6,1.0,-0.002,0.3333333333333333,2715.89,540.01,8.08,8.81,5.45,5.7,6.78,Moderately Engaged
E0408,3c15c27c68b5,15,22,0.6818,0.3182,0.9467,94.67,0.0884,0.7,1.0,-0.0049,0.06666666666666667,2454.35,546.94,9.47,9.12,6.82,4.22,7.94,Moderately Engaged
E0409,a051dd2295e2,5,22,0.2273,0.7727,0.66,66.0,0.1855,0.5,1.0,0.036,0.0,306.07,85.01,6.6,8.15,2.27,5.32,4.53,Disengaged
E0410,0bda2a6a07f5,4,22,0.1818,0.8182,0.825,82.5,0.1299,0.6,0.9,0.09,0.0,208.77,48.92,8.25,8.7,1.82,5.45,4.8,Disengaged
E0411,0ffaa69e8cc1,15,22,0.6818,0.3182,0.8933,89.33,0.1236,0.6,1.0,-0.0126,0.13333333333333333,2455.1,547.28,8.93,8.76,6.82,4.49,7.74,Moderately Engaged
E0412,9b00a6937e8a,11,22,0.5,0.5,0.7727,77.27,0.2178,0.4,1.0,0.0099,0.36363636363636365,2849.92,526.67,7.73,7.82,5.0,5.95,6.25,Moderately Engaged
E0413,913546180593,2,22,0.0909,0.9091,0.8,80.0,0.0,0.8,0.8,-0.0354,0.5,0.0,35.03,8.0,10.0,0.91,4.73,4.5,Disengaged
E0414,d1a6750fd89d,9,22,0.4091,0.5909,0.9778,97.78,0.0416,0.9,1.0,-0.0011,0.1111111111111111,185.55,90.96,9.78,9.58,4.09,5.22,6.61,Disengaged
E0415,dc183f3d97f4,2,22,0.0909,0.9091,0.85,85.0,0.05,0.8,0.9,-0.0515,0.0,0.0,27.93,8.5,9.5,0.91,2.73,4.53,Disengaged
E0416,504373eaf4f2,13,22,0.5909,0.4091,0.9385,93.85,0.1077,0.7,1.0,-0.0126,0.07692307692307693,2820.72,546.99,9.38,8.92,5.91,4.53,7.38,Moderately Engaged
E0417,2e518a9047fc,15,22,0.6818,0.3182,0.9133,91.33,0.1147,0.6,1.0,-0.0083,0.13333333333333333,2454.27,547.01,9.13,8.85,6.82,4.49,7.8,Moderately Engaged
E0418,71fe66d17fd4,15,22,0.6818,0.3182,0.9333,93.33,0.0869,0.8,1.0,-0.0058,0.13333333333333333,2455.62,546.98,9.33,9.13,6.82,4.49,7.91,Moderately Engaged
E0419,986dd4049fec,6,22,0.2727,0.7273,0.6333,63.33,0.2211,0.4,1.0,0.1029,0.0,246.0,85.03,6.33,7.79,2.73,5.18,4.64,Disengaged
E0420,448f7ee05055,6,22,0.2727,0.7273,0.8667,86.67,0.1599,0.6,1.0,-0.0343,0.0,244.87,85.19,8.67,8.4,2.73,5.18,5.35,Disengaged
E0421,368b458d9c89,6,22,0.2727,0.7273,0.9167,91.67,0.0898,0.8,1.0,0.0086,0.0,244.09,85.12,9.17,9.1,2.73,5.18,5.61,Disengaged
E0422,148e1135d827,6,22,0.2727,0.7273,0.8333,83.33,0.1247,0.7,1.0,-0.0171,0.16666666666666666,248.93,85.3,8.33,8.75,2.73,5.85,5.33,Disengaged
E0423,d5a5a1a4467e,5,22,0.2273,0.7727,0.82,82.0,0.1939,0.5,1.0,-0.05,0.0,248.72,77.01,8.2,8.06,2.27,5.32,4.91,Disengaged
E0424,21d426ec3c18,6,22,0.2727,0.7273,0.8833,88.33,0.1462,0.6,1.0,0.0029,0.0,248.33,85.07,8.83,8.54,2.73,5.18,5.42,Disengaged
E0425,7c0e1ad6afae,5,22,0.2273,0.7727,0.86,86.0,0.08,0.8,1.0,-0.0243,0.0,329.73,84.97,8.6,9.2,2.27,5.32,5.24,Disengaged
E0426,3486dd894d58,6,22,0.2727,0.7273,0.6167,61.67,0.1772,0.3,0.8,0.0657,0.0,246.78,85.06,6.17,8.23,2.73,5.18,4.69,Disengaged
E0427,43b05fe893db,3,22,0.1364,0.8636,0.7667,76.67,0.17,0.6,1.0,0.0885,0.0,572.68,63.9,7.67,8.3,1.36,5.59,4.33,Disengaged
E0428,ebba71874b6e,14,22,0.6364,0.3636,0.9,90.0,0.1195,0.6,1.0,-0.0082,0.21428571428571427,2532.33,546.05,9.0,8.8,6.36,4.95,7.51,Moderately Engaged
E0429,941921d38ff3,3,22,0.1364,0.8636,0.8667,86.67,0.0471,0.8,0.9,-0.05,0.0,13.49,15.1,8.67,9.53,1.36,2.83,4.82,Disengaged
E0430,a05840973503,15,22,0.6818,0.3182,0.8867,88.67,0.136,0.6,1.0,-0.0148,0.13333333333333333,2454.47,547.03,8.87,8.64,6.82,4.49,7.69,Moderately Engaged
E0431,c5c0da2e31f9,12,22,0.5455,0.4545,0.8167,81.67,0.128,0.5,1.0,0.0004,0.16666666666666666,2719.44,547.04,8.17,8.72,5.45,5.03,6.79,Moderately Engaged
E0432,425e7cbdede4,13,22,0.5909,0.4091,0.7615,76.15,0.1389,0.5,1.0,-0.0095,0.07692307692307693,2621.39,546.56,7.62,8.61,5.91,4.53,6.88,Moderately Engaged
E0433,914f415ff477,15,22,0.6818,0.3182,0.7867,78.67,0.1543,0.5,1.0,-0.0004,0.13333333333333333,2452.44,547.03,7.87,8.46,6.82,4.49,7.41,Moderately Engaged
E0434,d0cd840b633e,15,22,0.6818,0.3182,0.9533,95.33,0.0718,0.8,1.0,-0.0026,0.0,2453.55,546.95,9.53,9.28,6.82,3.95,7.99,Moderately Engaged
E0435,271f87620f8a,6,22,0.2727,0.7273,0.8833,88.33,0.1067,0.7,1.0,-0.0371,0.0,247.16,84.95,8.83,8.93,2.73,5.18,5.49,Disengaged
E0436,3cce03af22ab,4,22,0.1818,0.8182,0.7,70.0,0.1871,0.5,1.0,0.02,0.25,197.83,48.89,7.0,8.13,1.82,6.45,4.38,Disengaged
E0437,b97abaa4345f,14,22,0.6364,0.3636,0.85,85.0,0.1402,0.6,1.0,-0.0042,0.14285714285714285,2528.36,546.99,8.5,8.6,6.36,4.66,7.34,Moderately Engaged
E0438,df2741d03afd,4,22,0.1818,0.8182,0.675,67.5,0.0829,0.6,0.8,0.05,0.0,291.47,56.0,6.75,9.17,1.82,5.45,4.52,Disengaged
E0439,fed073fea4ff,10,22,0.4545,0.5455,0.89,89.0,0.1221,0.7,1.0,-0.0069,0.1,2956.68,532.84,8.9,8.78,4.55,5.04,6.48,Moderately Engaged
E0440,1d810ab8dc02,6,22,0.2727,0.7273,0.8667,86.67,0.0943,0.7,1.0,-0.0171,0.0,247.57,84.98,8.67,9.06,2.73,5.18,5.48,Disengaged
E0441,d2767574e961,6,22,0.2727,0.7273,0.85,85.0,0.0764,0.7,0.9,-0.02,0.0,246.63,85.11,8.5,9.24,2.73,5.18,5.47,Disengaged
E0442,0bcecb14ead2,15,22,0.6818,0.3182,0.8733,87.33,0.1389,0.6,1.0,-0.0028,0.06666666666666667,2454.69,547.02,8.73,8.61,6.82,4.22,7.66,Moderately Engaged
E0443,a338a673c775,6,22,0.2727,0.7273,0.75,75.0,0.1258,0.6,1.0,-0.0543,0.0,245.92,84.97,7.5,8.74,2.73,5.18,5.12,Disengaged
E0444,da4996ee8ece,5,22,0.2273,0.7727,0.86,86.0,0.08,0.8,1.0,-0.0176,0.0,329.01,85.08,8.6,9.2,2.27,5.32,5.24,Disengaged
E0445,82e167fef4fe,14,22,0.6364,0.3636,0.8357,83.57,0.1394,0.6,1.0,-0.0103,0.0,2531.76,547.11,8.36,8.61,6.36,4.09,7.31,Moderately Engaged
E0446,92e69d0f009d,3,22,0.1364,0.8636,0.7,70.0,0.1414,0.5,0.8,-0.15,0.0,84.12,21.13,7.0,8.59,1.36,4.09,4.22,Disengaged
E0447,449be7187b2c,15,22,0.6818,0.3182,0.8733,87.33,0.1692,0.5,1.0,-0.0202,0.13333333333333333,2453.3,547.02,8.73,8.31,6.82,4.49,7.59,Moderately Engaged
E0448,4a46f7bfd8d8,5,22,0.2273,0.7727,0.9,90.0,0.1095,0.7,1.0,0.0203,0.0,330.17,84.96,9.0,8.9,2.27,5.32,5.28,Disengaged
E0449,cdfde4e800bb,5,22,0.2273,0.7727,0.76,76.0,0.1356,0.6,1.0,0.07,0.0,270.51,63.95,7.6,8.64,2.27,5.32,4.88,Disengaged
E0450,d930d8c198e8,6,22,0.2727,0.7273,0.7667,76.67,0.1599,0.5,1.0,0.0171,0.0,251.14,85.05,7.67,8.4,2.73,5.18,5.1,Disengaged
E0451,f2cd4dfedb12,10,22,0.4545,0.5455,0.65,65.0,0.2062,0.3,1.0,-0.0177,0.0,3358.71,547.1,6.5,7.94,4.55,4.64,5.71,Moderately Engaged
E0452,b670bad55e44,6,22,0.2727,0.7273,0.9,90.0,0.1155,0.7,1.0,-0.0057,0.16666666666666666,250.06,84.96,9.0,8.85,2.73,5.85,5.52,Disengaged
E0453,79012a943f88,15,22,0.6818,0.3182,0.7133,71.33,0.1746,0.5,1.0,-0.0091,0.13333333333333333,2458.75,547.02,7.13,8.25,6.82,4.49,7.18,Moderately Engaged
E0454,786978d9734c,6,22,0.2727,0.7273,0.9,90.0,0.0577,0.8,1.0,0.0057,0.0,248.32,85.0,9.0,9.42,2.73,5.18,5.63,Disengaged
E0455,41ffc7edd530,3,22,0.1364,0.8636,0.7,70.0,0.1414,0.5,0.8,0.15,0.0,12.38,15.11,7.0,8.59,1.36,2.81,4.22,Disengaged
E0456,b9a89dcb7948,3,22,0.1364,0.8636,0.8,80.0,0.1414,0.7,1.0,0.0,0.0,86.57,35.0,8.0,8.59,1.36,4.14,4.47,Disengaged
E0457,7594edda2043,6,22,0.2727,0.7273,0.85,85.0,0.1258,0.6,1.0,0.02,0.0,246.88,85.0,8.5,8.74,2.73,5.18,5.37,Disengaged
E0458,7eca890ab946,12,22,0.5455,0.4545,0.9333,93.33,0.0745,0.8,1.0,-0.0025,0.16666666666666666,2730.83,533.02,9.33,9.25,5.45,5.03,7.18,Moderately Engaged
E0459,4dc23a0445fd,5,22,0.2273,0.7727,0.92,92.0,0.0748,0.8,1.0,-0.01,0.0,271.92,63.99,9.2,9.25,2.27,5.32,5.4,Disengaged
E0460,8f63cbadcdae,6,22,0.2727,0.7273,0.7667,76.67,0.17,0.5,1.0,0.0114,0.0,250.18,85.03,7.67,8.3,2.73,5.18,5.08,Disengaged
E0461,def715619ca1,5,22,0.2273,0.7727,0.88,88.0,0.1166,0.7,1.0,-0.0035,0.0,406.94,85.82,8.8,8.83,2.27,5.32,5.22,Disengaged
E0462,31a03fa07e2b,14,22,0.6364,0.3636,0.8429,84.29,0.1294,0.5,1.0,-0.0043,0.14285714285714285,2536.91,547.0,8.43,8.71,6.36,4.66,7.35,Moderately Engaged
E0463,0af2eb4223f8,6,22,0.2727,0.7273,0.9,90.0,0.1155,0.7,1.0,-0.0286,0.0,247.11,85.02,9.0,8.85,2.73,5.18,5.52,Disengaged
E0464,2929ceda5a29,11,22,0.5,0.5,0.8818,88.18,0.1749,0.4,1.0,-0.0194,0.18181818181818182,3055.43,533.05,8.82,8.25,5.0,5.23,6.6,Moderately Engaged
E0465,c37fbd01a60f,6,22,0.2727,0.7273,0.7833,78.33,0.1951,0.5,1.0,-0.02,0.3333333333333333,244.84,85.83,7.83,8.05,2.73,6.52,5.07,Disengaged
E0466,2317c5a5d6fe,5,22,0.2273,0.7727,0.72,72.0,0.2638,0.3,1.0,0.03,0.2,276.44,63.73,7.2,7.36,2.27,6.12,4.52,Disengaged
E0467,f966c0bb15e9,5,22,0.2273,0.7727,0.86,86.0,0.1497,0.6,1.0,-0.02,0.0,270.75,63.99,8.6,8.5,2.27,5.32,5.1,Disengaged
E0468,fe2e58ea6e62,6,22,0.2727,0.7273,0.7833,78.33,0.1067,0.7,1.0,0.0257,0.3333333333333333,247.57,84.87,7.83,8.93,2.73,6.52,5.24,Disengaged
E0469,008af5972b67,9,22,0.4091,0.5909,0.7778,77.78,0.1548,0.5,1.0,-0.0086,0.0,2200.0,427.75,7.78,8.45,4.09,4.77,5.88,Disengaged
E0470,7855989e88f3,13,22,0.5909,0.4091,0.6692,66.92,0.1488,0.4,0.9,0.0081,0.07692307692307693,2628.15,540.04,6.69,8.51,5.91,4.53,6.63,Moderately Engaged
E0471,768e296139b0,13,22,0.5909,0.4091,0.8923,89.23,0.1439,0.6,1.0,-0.0158,0.15384615384615385,2615.13,547.15,8.92,8.56,5.91,4.84,7.19,Moderately Engaged
E0472,dc05f9e491cc,13,22,0.5909,0.4091,0.8231,82.31,0.1576,0.5,1.0,-0.0027,0.15384615384615385,2614.61,547.02,8.23,8.42,5.91,4.84,6.99,Moderately Engaged
E0473,f57a6ab1d01c,4,22,0.1818,0.8182,0.775,77.5,0.1479,0.6,1.0,-0.01,0.0,208.67,48.79,7.75,8.52,1.82,5.45,4.64,Disengaged
E0474,658a3553e69e,14,22,0.6364,0.3636,0.8857,88.57,0.1187,0.6,1.0,-0.0138,0.07142857142857142,2537.14,547.19,8.86,8.81,6.36,4.38,7.48,Moderately Engaged
E0475,5bc9627dce1f,13,22,0.5909,0.4091,0.8154,81.54,0.1167,0.6,1.0,-0.0049,0.0,2621.08,547.07,8.15,8.83,5.91,4.23,7.06,Moderately Engaged
E0476,38853079acdd,6,22,0.2727,0.7273,0.8667,86.67,0.0943,0.8,1.0,-0.0229,0.0,247.36,84.9,8.67,9.06,2.73,5.18,5.48,Disengaged
E0477,c8230e16483b,6,22,0.2727,0.7273,0.6333,63.33,0.2494,0.2,1.0,0.0343,0.0,250.24,85.53,6.33,7.51,2.73,5.18,4.58,Disengaged
E0478,48f08eea92e1,5,22,0.2273,0.7727,0.66,66.0,0.1625,0.4,0.9,-0.0919,0.0,330.81,85.08,6.6,8.38,2.27,5.32,4.58,Disengaged
E0479,95bd3b8b6198,6,22,0.2727,0.7273,0.9,90.0,0.0816,0.8,1.0,-0.04,0.0,246.97,85.02,9.0,9.18,2.73,5.18,5.59,Disengaged
E0480,6f06037f96c3,6,22,0.2727,0.7273,0.75,75.0,0.2363,0.3,1.0,0.02,0.0,247.63,84.89,7.5,7.64,2.73,5.18,4.9,Disengaged
E0481,51f4fc5aaa1d,15,22,0.6818,0.3182,0.7733,77.33,0.2407,0.0,1.0,-0.0111,0.3333333333333333,2449.91,546.62,7.73,7.59,6.82,5.29,7.2,Moderately Engaged
E0482,10970ca639dd,9,22,0.4091,0.5909,0.7556,75.56,0.1423,0.5,1.0,-0.0197,0.0,219.28,91.13,7.56,8.58,4.09,4.77,5.85,Disengaged
E0483,a41d3717f1cc,3,22,0.1364,0.8636,0.7,70.0,0.2449,0.4,1.0,0.1038,0.0,404.31,77.5,7.0,7.55,1.36,5.59,4.01,Disengaged
E0484,fe330c5ebd97,6,22,0.2727,0.7273,0.8333,83.33,0.0943,0.7,1.0,0.0114,0.0,247.55,85.03,8.33,9.06,2.73,5.18,5.39,Disengaged
E0485,60fc55d4bce0,12,22,0.5455,0.4545,0.9667,96.67,0.0471,0.9,1.0,-0.0055,0.16666666666666666,2932.51,540.0,9.67,9.53,5.45,5.03,7.32,Moderately Engaged
E0486,73db0ab9c81d,13,22,0.5909,0.4091,0.8231,82.31,0.1476,0.6,1.0,-0.0118,0.23076923076923078,2619.9,547.11,8.23,8.52,5.91,5.15,7.01,Moderately Engaged
E0487,261e1fab6557,6,22,0.2727,0.7273,0.8833,88.33,0.1863,0.5,1.0,0.0143,0.0,245.95,85.23,8.83,8.14,2.73,5.18,5.34,Disengaged
E0488,53209af46024,14,22,0.6364,0.3636,0.9786,97.86,0.041,0.9,1.0,-0.0024,0.14285714285714285,2533.02,547.01,9.79,9.59,6.36,4.66,7.86,Moderately Engaged
E0489,4fbbd6273b93,15,22,0.6818,0.3182,0.9133,91.33,0.0806,0.8,1.0,-0.0076,0.26666666666666666,2459.76,546.88,9.13,9.19,6.82,5.02,7.87,Moderately Engaged
E0490,a02f7ad91c37,4,22,0.1818,0.8182,0.875,87.5,0.1299,0.7,1.0,-0.01,0.0,355.31,63.94,8.75,8.7,1.82,5.45,4.93,Disengaged
E0491,1bd74ad11da9,5,22,0.2273,0.7727,0.78,78.0,0.172,0.5,1.0,-0.03,0.0,248.0,77.03,7.8,8.28,2.27,5.32,4.86,Disengaged
E0492,b498e8e433d7,10,22,0.4545,0.5455,0.95,95.0,0.0671,0.8,1.0,-0.0115,0.0,210.99,91.1,9.5,9.33,4.55,4.64,6.74,Moderately Engaged
E0493,dde9a2480039,6,22,0.2727,0.7273,0.7833,78.33,0.1344,0.5,0.9,-0.0314,0.0,248.32,85.08,7.83,8.66,2.73,5.18,5.19,Disengaged
E0494,7ec13298c270,10,22,0.4545,0.5455,0.92,92.0,0.1778,0.4,1.0,-0.0197,0.2,157.2,84.32,9.2,8.22,4.55,5.24,6.44,Moderately Engaged
E0495,2fb874c01cff,15,22,0.6818,0.3182,0.7933,79.33,0.1236,0.6,1.0,-0.004,0.06666666666666667,2456.6,547.09,7.93,8.76,6.82,4.22,7.49,Moderately Engaged
E0496,4fb9b53951d9,4,22,0.1818,0.8182,0.725,72.5,0.109,0.6,0.9,-0.05,0.5,202.83,49.79,7.25,8.91,1.82,7.45,4.59,Disengaged
E0497,05c70f0b9a0c,4,22,0.1818,0.8182,0.725,72.5,0.192,0.5,1.0,0.0543,0.0,283.03,77.0,7.25,8.08,1.82,5.45,4.43,Disengaged
E0498,75bd4c65beb5,12,22,0.5455,0.4545,0.7583,75.83,0.1754,0.5,1.0,-0.0055,0.25,2721.13,547.02,7.58,8.25,5.45,5.36,6.55,Moderately Engaged
E0499,8990e59b5092,6,22,0.2727,0.7273,0.9167,91.67,0.0687,0.8,1.0,-0.0314,0.16666666666666666,246.53,85.82,9.17,9.31,2.73,5.85,5.65,Disengaged
E0500,9e2ec880bf25,14,22,0.6364,0.3636,0.7929,79.29,0.1437,0.5,1.0,-0.0,0.14285714285714285,2542.66,540.03,7.93,8.56,6.36,4.66,7.19,Moderately Engaged
E0501,071d09c80430,6,22,0.2727,0.7273,0.8333,83.33,0.1599,0.5,1.0,-0.0629,0.0,247.09,85.02,8.33,8.4,2.73,5.18,5.26,Disengaged
E0502,5e0358797f96,6,22,0.2727,0.7273,0.8333,83.33,0.1106,0.7,1.0,0.0343,0.16666666666666666,245.55,84.08,8.33,8.89,2.73,5.85,5.36,Disengaged
E0503,31cb517d0bfe,4,22,0.1818,0.8182,0.825,82.5,0.0433,0.8,0.9,-0.02,0.0,316.06,76.85,8.25,9.57,1.82,5.45,4.98,Disengaged
E0504,3889b6c666e3,14,22,0.6364,0.3636,0.8214,82.14,0.152,0.5,1.0,-0.0111,0.14285714285714285,2536.79,547.04,8.21,8.48,6.36,4.66,7.25,Moderately Engaged
E0505,8c18c92d6092,5,22,0.2273,0.7727,0.9,90.0,0.0632,0.8,1.0,-0.0203,0.0,330.24,85.0,9.0,9.37,2.27,5.32,5.37,Disengaged
E0506,a440e1a9b93f,6,22,0.2727,0.7273,0.9,90.0,0.1,0.7,1.0,-0.0343,0.0,246.5,84.96,9.0,9.0,2.73,5.18,5.55,Disengaged
E0507,abf04486d613,15,22,0.6818,0.3182,0.9133,91.33,0.0806,0.8,1.0,-0.0052,0.2,2449.43,547.01,9.13,9.19,6.82,4.75,7.87,Moderately Engaged
E0508,ea250ba8f2a5,4,22,0.1818,0.8182,0.625,62.5,0.0829,0.5,0.7,0.0357,0.0,708.13,85.02,6.25,9.17,1.82,5.45,4.4,Disengaged
E0509,e1d343dbcdf3,11,22,0.5,0.5,0.7909,79.09,0.1881,0.5,1.0,-0.01,0.09090909090909091,152.21,90.96,7.91,8.12,5.0,4.58,6.35,Moderately Engaged
E0510,4a97d73e4162,10,22,0.4545,0.5455,0.73,73.0,0.1345,0.5,1.0,-0.0218,0.0,2102.57,427.97,7.3,8.65,4.55,4.64,6.06,Moderately Engaged
E0511,505c7075f529,11,22,0.5,0.5,0.9364,93.64,0.0979,0.7,1.0,-0.0113,0.09090909090909091,3061.68,525.87,9.36,9.02,5.0,4.86,6.9,Moderately Engaged
E0512,b2dabd01cbb4,5,22,0.2273,0.7727,0.88,88.0,0.1166,0.7,1.0,0.05,0.0,270.92,64.02,8.8,8.83,2.27,5.32,5.22,Disengaged
E0513,958114294dcf,8,22,0.3636,0.6364,0.7625,76.25,0.1867,0.5,1.0,0.0167,0.25,171.99,84.01,7.62,8.13,3.64,5.91,5.53,Disengaged
E0514,6a1422672e54,6,22,0.2727,0.7273,0.8667,86.67,0.0471,0.8,0.9,0.0114,0.0,250.97,84.93,8.67,9.53,2.73,5.18,5.57,Disengaged
E0515,2aba2a24967f,15,22,0.6818,0.3182,0.9267,92.67,0.1123,0.6,1.0,-0.0124,0.4,2454.51,546.96,9.27,8.88,6.82,5.55,7.84,Moderately Engaged
E0516,376adb4a7be8,6,22,0.2727,0.7273,0.8167,81.67,0.1213,0.6,1.0,0.0314,0.0,247.44,84.95,8.17,8.79,2.73,5.18,5.3,Disengaged
E0517,2f0890f7b96b,5,22,0.2273,0.7727,0.86,86.0,0.102,0.7,1.0,-0.0581,0.0,329.96,84.95,8.6,8.98,2.27,5.32,5.2,Disengaged
E0518,74aa6f5a9dd2,9,22,0.4091,0.5909,0.9333,93.33,0.0667,0.8,1.0,-0.0004,0.1111111111111111,222.46,83.89,9.33,9.33,4.09,5.22,6.45,Disengaged
E0519,a3b2ae46b850,4,22,0.1818,0.8182,0.625,62.5,0.0433,0.6,0.7,0.03,0.0,209.91,49.0,6.25,9.57,1.82,5.45,4.48,Disengaged
E0520,8c3a4180a8aa,15,22,0.6818,0.3182,0.92,92.0,0.0909,0.7,1.0,-0.0017,0.2,2459.33,547.53,9.2,9.09,6.82,4.75,7.87,Moderately Engaged
E0521,622b63bc4744,6,22,0.2727,0.7273,0.9,90.0,0.1,0.7,1.0,-0.0343,0.0,247.07,84.99,9.0,9.0,2.73,5.18,5.55,Disengaged
E0522,26ad6cbb4edf,6,22,0.2727,0.7273,0.85,85.0,0.0957,0.7,1.0,-0.0143,0.0,248.42,84.94,8.5,9.04,2.73,5.18,5.43,Disengaged
E0523,449f86439460,5,22,0.2273,0.7727,0.82,82.0,0.172,0.5,1.0,-0.0622,0.0,323.49,85.58,8.2,8.28,2.27,5.32,4.96,Disengaged
E0524,9b981e16fd71,15,22,0.6818,0.3182,0.9333,93.33,0.0869,0.8,1.0,-0.0039,0.06666666666666667,2454.56,546.97,9.33,9.13,6.82,4.22,7.91,Moderately Engaged
E0525,7b874fcb3a39,6,22,0.2727,0.7273,0.8833,88.33,0.1067,0.7,1.0,-0.0029,0.0,246.98,84.94,8.83,8.93,2.73,5.18,5.49,Disengaged
E0526,c46279a600ed,6,22,0.2727,0.7273,0.8333,83.33,0.1374,0.6,1.0,0.0171,0.0,247.18,85.05,8.33,8.63,2.73,5.18,5.31,Disengaged
E0527,df57742518e0,14,22,0.6364,0.3636,0.9214,92.14,0.1013,0.7,1.0,-0.0131,0.21428571428571427,2534.1,547.02,9.21,8.99,6.36,4.95,7.6,Moderately Engaged
E0528,1054d207e802,4,22,0.1818,0.8182,0.725,72.5,0.1479,0.5,0.9,-0.0808,0.0,225.69,84.97,7.25,8.52,1.82,5.45,4.52,Disengaged
E0529,2ffd576e5a1c,6,22,0.2727,0.7273,0.7333,73.33,0.1491,0.6,1.0,0.0114,0.0,248.37,84.99,7.33,8.51,2.73,5.18,5.04,Disengaged
E0530,5a130ccf0e65,6,22,0.2727,0.7273,0.8833,88.33,0.1344,0.7,1.0,-0.0143,0.0,248.0,85.04,8.83,8.66,2.73,5.18,5.44,Disengaged
E0531,8a87933ef0b4,15,22,0.6818,0.3182,0.8267,82.67,0.1982,0.2,1.0,0.0008,0.2,2454.32,547.79,8.27,8.02,6.82,4.75,7.42,Moderately Engaged
E0532,d7a2505bcad1,6,22,0.2727,0.7273,0.7833,78.33,0.1344,0.6,1.0,-0.02,0.0,247.01,85.21,7.83,8.66,2.73,5.18,5.19,Disengaged
E0533,18684a8aab07,6,22,0.2727,0.7273,0.7667,76.67,0.1972,0.5,1.0,-0.0457,0.0,246.19,85.14,7.67,8.03,2.73,5.18,5.02,Disengaged
E0534,24b066fcd82c,6,22,0.2727,0.7273,0.8333,83.33,0.1491,0.6,1.0,-0.0286,0.0,246.91,85.05,8.33,8.51,2.73,5.18,5.29,Disengaged
E0535,7953f01dcc3d,15,22,0.6818,0.3182,0.76,76.0,0.1541,0.5,1.0,-0.0134,0.13333333333333333,2455.22,547.04,7.6,8.46,6.82,4.49,7.34,Moderately Engaged
E0536,f604da9a446b,15,22,0.6818,0.3182,0.8533,85.33,0.1087,0.7,1.0,0.0037,0.06666666666666667,2451.56,547.06,8.53,8.91,6.82,4.22,7.67,Moderately Engaged
E0537,69ada960b7c8,15,22,0.6818,0.3182,0.8467,84.67,0.1821,0.3,1.0,0.0012,0.06666666666666667,2453.75,546.98,8.47,8.18,6.82,4.22,7.5,Moderately Engaged
E0538,9e89edf73d8d,6,22,0.2727,0.7273,0.85,85.0,0.1258,0.6,1.0,0.0086,0.0,246.69,85.01,8.5,8.74,2.73,5.18,5.37,Disengaged
E0539,b4324eea03f3,12,22,0.5455,0.4545,0.65,65.0,0.1658,0.4,0.9,-0.0085,0.08333333333333333,2730.18,533.04,6.5,8.34,5.45,4.7,6.29,Moderately Engaged
E0540,14770b91f8f2,6,22,0.2727,0.7273,0.8,80.0,0.1291,0.6,1.0,-0.0057,0.0,247.28,85.06,8.0,8.71,2.73,5.18,5.24,Disengaged
E0541,22767f3cb3a2,15,22,0.6818,0.3182,0.8533,85.33,0.1408,0.5,1.0,0.0037,0.06666666666666667,2455.7,547.81,8.53,8.59,6.82,4.22,7.6,Moderately Engaged
E0542,862475f94f42,14,22,0.6364,0.3636,0.8357,83.57,0.0972,0.7,1.0,-0.0006,0.14285714285714285,2536.16,547.06,8.36,9.03,6.36,4.66,7.39,Moderately Engaged
E0543,0fcd46fbd3af,4,22,0.1818,0.8182,0.7,70.0,0.1225,0.6,0.9,0.08,0.0,307.21,50.47,7.0,8.78,1.82,5.45,4.51,Disengaged
E0544,4e31463aa672,6,22,0.2727,0.7273,0.7833,78.33,0.1572,0.5,1.0,-0.0314,0.0,249.13,84.98,7.83,8.43,2.73,5.18,5.14,Disengaged
E0545,cf4743b07ab4,6,22,0.2727,0.7273,0.7667,76.67,0.17,0.5,1.0,-0.0343,0.0,246.59,85.12,7.67,8.3,2.73,5.18,5.08,Disengaged
E0546,0b01ee220575,15,22,0.6818,0.3182,0.9067,90.67,0.0929,0.7,1.0,-0.0072,0.2,2457.31,547.05,9.07,9.07,6.82,4.75,7.83,Moderately Engaged
E0547,f8d047bf03d4,15,22,0.6818,0.3182,0.52,52.0,0.1641,0.2,0.8,-0.0053,0.13333333333333333,2455.02,547.01,5.2,8.36,6.82,4.49,6.72,Moderately Engaged
E0548,4cac6467f912,15,22,0.6818,0.3182,0.92,92.0,0.0909,0.7,1.0,-0.0069,0.2,2455.21,547.11,9.2,9.09,6.82,4.75,7.87,Moderately Engaged
E0549,65011e4152b0,13,22,0.5909,0.4091,0.8846,88.46,0.1292,0.6,1.0,-0.0031,0.23076923076923078,2615.21,546.98,8.85,8.71,5.91,5.15,7.2,Moderately Engaged
E0550,51a196d4045f,13,22,0.5909,0.4091,0.8769,87.69,0.125,0.6,1.0,-0.0119,0.07692307692307693,2630.04,532.93,8.77,8.75,5.91,4.53,7.19,Moderately Engaged
E0551,810af16b8d96,15,22,0.6818,0.3182,0.8133,81.33,0.1821,0.4,1.0,-0.0026,0.06666666666666667,2455.28,546.2,8.13,8.18,6.82,4.22,7.42,Moderately Engaged
E0552,9266e4e580d6,11,22,0.5,0.5,0.9455,94.55,0.0656,0.8,1.0,0.0027,0.18181818181818182,150.45,90.96,9.45,9.34,5.0,4.91,6.98,Moderately Engaged
E0553,5a6349f9db3d,13,22,0.5909,0.4091,0.7769,77.69,0.125,0.6,1.0,-0.0069,0.15384615384615385,2628.11,540.02,7.77,8.75,5.91,4.84,6.94,Moderately Engaged
E0554,fdeb2f0297eb,4,22,0.1818,0.8182,0.85,85.0,0.05,0.8,0.9,-0.0,0.25,205.86,49.0,8.5,9.5,1.82,6.45,5.03,Disengaged
E0555,b7ce53743306,15,22,0.6818,0.3182,0.8867,88.67,0.1258,0.5,1.0,-0.0043,0.0,2456.23,546.99,8.87,8.74,6.82,3.95,7.72,Moderately Engaged
E0556,65e98658a38e,15,22,0.6818,0.3182,0.9267,92.67,0.0998,0.7,1.0,-0.0129,0.2,2455.21,546.78,9.27,9.0,6.82,4.75,7.87,Moderately Engaged
E0557,c53e441971ad,13,22,0.5909,0.4091,0.8923,89.23,0.1269,0.6,1.0,-0.0074,0.07692307692307693,2620.75,547.0,8.92,8.73,5.91,4.53,7.23,Moderately Engaged
E0558,854d9ee3b416,6,22,0.2727,0.7273,0.8,80.0,0.1528,0.6,1.0,-0.0114,0.0,247.23,85.02,8.0,8.47,2.73,5.18,5.19,Disengaged
E0559,991ed5073549,5,22,0.2273,0.7727,0.74,74.0,0.2498,0.4,1.0,-0.01,0.0,273.35,63.04,7.4,7.5,2.27,5.32,4.6,Disengaged
E0560,8f0360f6e104,6,22,0.2727,0.7273,0.8,80.0,0.1528,0.6,1.0,-0.0286,0.0,245.77,84.96,8.0,8.47,2.73,5.18,5.19,Disengaged
E0561,109cc89f7611,11,22,0.5,0.5,0.9545,95.45,0.0498,0.9,1.0,-0.0019,0.18181818181818182,2843.98,533.09,9.55,9.5,5.0,5.23,7.04,Moderately Engaged
E0562,3e56fb914a0c,12,22,0.5455,0.4545,0.8917,89.17,0.1037,0.7,1.0,-0.0102,0.08333333333333333,2734.09,533.61,8.92,8.96,5.45,4.7,7.02,Moderately Engaged
E0563,117224ab4398,5,22,0.2273,0.7727,0.84,84.0,0.102,0.7,1.0,0.03,0.0,272.09,63.72,8.4,8.98,2.27,5.32,5.15,Disengaged
E0564,795d544104c5,6,22,0.2727,0.7273,0.6167,61.67,0.1572,0.4,0.8,-0.0086,0.0,246.82,85.04,6.17,8.43,2.73,5.18,4.73,Disengaged
E0565,abe1b6016ebe,5,22,0.2273,0.7727,0.88,88.0,0.1166,0.7,1.0,-0.03,0.0,270.81,64.0,8.8,8.83,2.27,5.32,5.22,Disengaged
E0566,e639d20715fe,6,22,0.2727,0.7273,0.8667,86.67,0.1106,0.7,1.0,-0.0286,0.0,247.32,84.99,8.67,8.89,2.73,5.18,5.45,Disengaged
E0567,0f91447526a4,6,22,0.2727,0.7273,0.8833,88.33,0.0898,0.8,1.0,-0.0143,0.0,246.39,84.97,8.83,9.1,2.73,5.18,5.53,Disengaged
E0568,24d081898499,9,22,0.4091,0.5909,0.9222,92.22,0.0916,0.8,1.0,-0.009,0.0,2218.53,406.97,9.22,9.08,4.09,4.77,6.37,Disengaged
E0569,c06c8fe9c9dc,14,22,0.6364,0.3636,0.7429,74.29,0.1348,0.5,0.9,-0.0053,0.14285714285714285,2537.14,546.98,7.43,8.65,6.36,4.66,7.09,Moderately Engaged
E0570,891fa6c24022,12,22,0.5455,0.4545,0.8417,84.17,0.132,0.5,1.0,-0.0005,0.16666666666666666,2937.9,533.13,8.42,8.68,5.45,5.03,6.84,Moderately Engaged
E0571,1b66bc45160e,6,22,0.2727,0.7273,0.8,80.0,0.2082,0.4,1.0,-0.0457,0.0,246.57,85.09,8.0,7.92,2.73,5.18,5.08,Disengaged
E0572,36a3d594d295,11,22,0.5,0.5,0.9273,92.73,0.1052,0.7,1.0,-0.0056,0.18181818181818182,2886.13,533.01,9.27,8.95,5.0,5.23,6.86,Moderately Engaged
E0573,f19e939f1caf,4,22,0.1818,0.8182,0.9,90.0,0.0707,0.8,1.0,-0.0214,0.0,706.72,84.96,9.0,9.29,1.82,5.45,5.11,Disengaged
E0574,06f9a5b19ee4,15,22,0.6818,0.3182,0.9267,92.67,0.0854,0.7,1.0,-0.0058,0.2,2460.37,546.78,9.27,9.15,6.82,4.75,7.9,Moderately Engaged
E0575,d2a0bf63481c,14,22,0.6364,0.3636,0.9571,95.71,0.0821,0.7,1.0,-0.0088,0.14285714285714285,2535.09,547.03,9.57,9.18,6.36,4.66,7.73,Moderately Engaged
E0576,c34129248a16,9,22,0.4091,0.5909,0.8111,81.11,0.1286,0.6,1.0,-0.0064,0.0,2444.92,427.85,8.11,8.71,4.09,4.77,6.02,Disengaged
E0577,846ca49103c6,3,22,0.1364,0.8636,0.7667,76.67,0.0471,0.7,0.8,0.0357,0.0,248.59,34.63,7.67,9.53,1.36,5.59,4.57,Disengaged
E0578,984e3bde8252,6,22,0.2727,0.7273,0.95,95.0,0.0764,0.8,1.0,-0.0086,0.0,246.57,84.95,9.5,9.24,2.73,5.18,5.72,Disengaged
E0579,b663b9ca3bc4,6,22,0.2727,0.7273,0.95,95.0,0.0764,0.8,1.0,-0.02,0.0,248.19,85.0,9.5,9.24,2.73,5.18,5.72,Disengaged
E0580,05541e1a931f,14,22,0.6364,0.3636,0.8214,82.14,0.1473,0.5,1.0,0.0009,0.14285714285714285,2541.81,533.0,8.21,8.53,6.36,4.66,7.26,Moderately Engaged
E0581,2db28284b805,5,22,0.2273,0.7727,0.82,82.0,0.1166,0.7,1.0,0.0149,0.0,199.48,85.0,8.2,8.83,2.27,5.32,5.07,Disengaged
E0582,e254c0758746,14,22,0.6364,0.3636,0.8071,80.71,0.2219,0.3,1.0,0.0012,0.2857142857142857,2538.49,547.04,8.07,7.78,6.36,5.23,7.07,Moderately Engaged
E0583,e2cecec4f6b5,5,22,0.2273,0.7727,0.9,90.0,0.1265,0.7,1.0,0.03,0.0,268.91,63.98,9.0,8.74,2.27,5.32,5.25,Disengaged
E0584,da4703ed9674,15,22,0.6818,0.3182,0.9733,97.33,0.0772,0.7,1.0,-0.0035,0.13333333333333333,2455.39,547.0,9.73,9.23,6.82,4.49,8.03,Moderately Engaged
E0585,5059c3b2e432,13,22,0.5909,0.4091,0.9231,92.31,0.0973,0.8,1.0,-0.0114,0.07692307692307693,2620.48,547.11,9.23,9.03,5.91,4.53,7.36,Moderately Engaged
E0586,d0d25497599d,6,22,0.2727,0.7273,0.9333,93.33,0.0745,0.8,1.0,0.0,0.0,246.78,84.88,9.33,9.25,2.73,5.18,5.68,Disengaged
E0587,8e402e565ca9,6,22,0.2727,0.7273,0.85,85.0,0.1384,0.6,1.0,0.0029,0.0,248.86,85.03,8.5,8.62,2.73,5.18,5.35,Disengaged
E0588,69b8c8a53e7a,6,22,0.2727,0.7273,0.7833,78.33,0.1462,0.6,1.0,-0.02,0.0,247.12,85.02,7.83,8.54,2.73,5.18,5.17,Disengaged
E0589,a4666dba954d,5,22,0.2273,0.7727,0.96,96.0,0.049,0.9,1.0,0.01,0.0,270.57,63.99,9.6,9.51,2.27,5.32,5.55,Disengaged
E0590,07c0f0e026b7,6,22,0.2727,0.7273,0.9667,96.67,0.0471,0.9,1.0,-0.0057,0.0,247.09,85.01,9.67,9.53,2.73,5.18,5.82,Disengaged
E0591,cfd779f857b6,14,22,0.6364,0.3636,0.7929,79.29,0.1624,0.5,1.0,-0.0127,0.14285714285714285,2539.06,540.0,7.93,8.38,6.36,4.66,7.16,Moderately Engaged
E0592,3a10080ca6e6,5,22,0.2273,0.7727,0.7,70.0,0.1673,0.5,0.9,0.0058,0.0,406.32,84.99,7.0,8.33,2.27,5.32,4.67,Disengaged
E0593,2e4ae177af9d,6,22,0.2727,0.7273,0.7833,78.33,0.1344,0.6,1.0,-0.0086,0.0,237.83,85.8,7.83,8.66,2.73,5.18,5.19,Disengaged
E0594,b10b01da4f37,12,22,0.5455,0.4545,0.825,82.5,0.1479,0.5,1.0,-0.0058,0.08333333333333333,2717.17,547.04,8.25,8.52,5.45,4.7,6.77,Moderately Engaged
E0595,576049c4c360,15,22,0.6818,0.3182,0.8333,83.33,0.1578,0.5,1.0,-0.0066,0.13333333333333333,2454.91,547.04,8.33,8.42,6.82,4.49,7.52,Moderately Engaged
E0596,e66973d9bb8d,5,22,0.2273,0.7727,0.86,86.0,0.08,0.8,1.0,-0.01,0.0,248.53,77.01,8.6,9.2,2.27,5.32,5.24,Disengaged
E0597,25742b297350,6,22,0.2727,0.7273,0.8833,88.33,0.1067,0.7,1.0,-0.0314,0.0,247.82,85.02,8.83,8.93,2.73,5.18,5.49,Disengaged
E0598,1dd738829d79,15,22,0.6818,0.3182,0.9067,90.67,0.0854,0.8,1.0,-0.0086,0.13333333333333333,2449.94,547.87,9.07,9.15,6.82,4.49,7.85,Moderately Engaged
E0599,ef2e98378d6a,15,22,0.6818,0.3182,0.9,90.0,0.1211,0.6,1.0,-0.0038,0.13333333333333333,2457.11,547.41,9.0,8.79,6.82,4.49,7.76,Moderately Engaged
E0600,c197a6311323,9,22,0.4091,0.5909,0.8667,86.67,0.1054,0.7,1.0,-0.0097,0.3333333333333333,3095.69,526.76,8.67,8.95,4.09,6.11,6.21,Disengaged
E0601,83c7b9b3c666,12,22,0.5455,0.4545,0.8583,85.83,0.1891,0.4,1.0,-0.014,0.16666666666666666,2930.46,546.71,8.58,8.11,5.45,5.03,6.77,Moderately Engaged
E0602,b839c78160cf,13,22,0.5909,0.4091,0.8846,88.46,0.161,0.4,1.0,-0.006,0.15384615384615385,2622.74,547.03,8.85,8.39,5.91,4.84,7.14,Moderately Engaged
E0603,2839825d0682,15,22,0.6818,0.3182,0.82,82.0,0.2166,0.2,1.0,-0.0113,0.13333333333333333,2454.45,547.07,8.2,7.83,6.82,4.49,7.37,Moderately Engaged
E0604,91b1b84a4ffb,6,22,0.2727,0.7273,0.8667,86.67,0.1374,0.6,1.0,-0.0514,0.0,247.18,84.99,8.67,8.63,2.73,5.18,5.39,Disengaged
E0605,873f66128710,6,22,0.2727,0.7273,0.7833,78.33,0.1344,0.6,1.0,0.06,0.0,246.8,85.02,7.83,8.66,2.73,5.18,5.19,Disengaged
E0606,85ad113df349,6,22,0.2727,0.7273,0.8167,81.67,0.1344,0.6,1.0,-0.02,0.0,246.83,85.03,8.17,8.66,2.73,5.18,5.27,Disengaged
E0607,bd774b4e7842,6,22,0.2727,0.7273,0.7833,78.33,0.1675,0.6,1.0,-0.0029,0.16666666666666666,247.28,85.02,7.83,8.33,2.73,5.85,5.12,Disengaged
E0608,ed99465fdff4,3,22,0.1364,0.8636,0.9,90.0,0.0816,0.8,1.0,0.05,0.0,12.1,15.1,9.0,9.18,1.36,2.81,4.84,Disengaged
E0609,062ddbd2fbb4,6,22,0.2727,0.7273,0.8333,83.33,0.1886,0.5,1.0,-0.0514,0.0,247.05,85.03,8.33,8.11,2.73,5.18,5.21,Disengaged
E0610,44295e106993,15,22,0.6818,0.3182,0.6467,64.67,0.1821,0.3,1.0,0.0003,0.06666666666666667,2455.2,547.08,6.47,8.18,6.82,4.22,7.0,Moderately Engaged
E0611,fa546c5a0e23,15,22,0.6818,0.3182,0.7733,77.33,0.1236,0.6,1.0,-0.0028,0.2,2455.18,547.92,7.73,8.76,6.82,4.75,7.44,Moderately Engaged
E0612,c05a2df6ce60,6,22,0.2727,0.7273,0.8167,81.67,0.1462,0.6,1.0,-0.0086,0.0,247.82,85.04,8.17,8.54,2.73,5.18,5.25,Disengaged
E0613,16079a66b24e,10,22,0.4545,0.5455,0.9,90.0,0.1414,0.6,1.0,-0.0083,0.1,2960.21,532.61,9.0,8.59,4.55,5.04,6.47,Moderately Engaged
E0614,060746d54972,4,22,0.1818,0.8182,0.775,77.5,0.109,0.6,0.9,-0.09,0.0,309.95,49.91,7.75,8.91,1.82,5.45,4.72,Disengaged
E0615,03e2b65873d3,6,22,0.2727,0.7273,0.85,85.0,0.1118,0.7,1.0,-0.0257,0.0,247.17,85.0,8.5,8.88,2.73,5.18,5.4,Disengaged
E0616,cc6c505accd8,6,22,0.2727,0.7273,0.8,80.0,0.216,0.5,1.0,-0.0171,0.0,243.07,84.94,8.0,7.84,2.73,5.18,5.07,Disengaged
E0617,df55d3f0fe37,12,22,0.5455,0.4545,0.9,90.0,0.1414,0.5,1.0,-0.0129,0.08333333333333333,2729.48,532.95,9.0,8.59,5.45,4.7,6.97,Moderately Engaged
E0618,96619b53b059,4,22,0.1818,0.8182,0.775,77.5,0.2278,0.5,1.0,0.0657,0.0,468.24,63.89,7.75,7.72,1.82,5.45,4.48,Disengaged
E0619,7a17ada6f5f9,6,22,0.2727,0.7273,0.6667,66.67,0.2211,0.3,0.9,-0.1086,0.0,246.59,85.07,6.67,7.79,2.73,5.18,4.72,Disengaged
E0620,1ce21921dba1,5,22,0.2273,0.7727,0.8,80.0,0.1265,0.6,1.0,0.0135,0.2,187.02,84.16,8.0,8.74,2.27,6.12,5.0,Disengaged
E0621,f05bb2edf3e0,15,22,0.6818,0.3182,0.9533,95.33,0.0718,0.8,1.0,-0.0038,0.2,2449.25,547.01,9.53,9.28,6.82,4.75,7.99,Moderately Engaged
E0622,96f8c5ec2adb,5,22,0.2273,0.7727,0.74,74.0,0.1497,0.6,1.0,0.02,0.0,246.34,76.81,7.4,8.5,2.27,5.32,4.8,Disengaged
E0623,54b0605a36c1,5,22,0.2273,0.7727,0.7,70.0,0.1673,0.5,1.0,-0.0473,0.0,331.29,85.11,7.0,8.33,2.27,5.32,4.67,Disengaged
E0624,ae1653dca994,15,22,0.6818,0.3182,0.8733,87.33,0.1389,0.6,1.0,-0.0073,0.06666666666666667,2455.17,546.9,8.73,8.61,6.82,4.22,7.66,Moderately Engaged
E0625,e837ea84ff8b,14,22,0.6364,0.3636,0.8429,84.29,0.1348,0.6,1.0,-0.0038,0.21428571428571427,2535.13,547.07,8.43,8.65,6.36,4.95,7.34,Moderately Engaged
E0626,ac4215866a2e,6,22,0.2727,0.7273,0.8833,88.33,0.0687,0.8,1.0,0.02,0.0,247.96,84.98,8.83,9.31,2.73,5.18,5.57,Disengaged
